ID,Target
1,8.461839
2,5.838197
3,-0.900347
4,2.264808
5,0.962899
6,-2.484680
7,9.540653
8,3.141751
9,0.870629
10,-2.056001
11,-0.297710
12,6.116935
13,-3.750148
14,9.192901
15,3.036713
16,-1.315469
17,-1.287301
18,5.353475
19,5.458398
20,-4.142366
21,3.234735
22,2.946850
23,8.980418
24,1.479587
25,9.504067
26,8.433690
27,5.837071
28,7.919178
29,-4.199752
30,3.705499
31,0.964119
32,4.584408
33,6.818999
34,8.935406
35,3.219984
36,3.629914
37,-0.233640
38,1.603901
39,3.612516
40,7.145171
41,3.875265
42,3.698613
43,2.694131
44,8.055393
45,-4.582335
46,-0.219099
47,-3.401133
48,-0.831163
49,6.240408
50,1.314980
51,-0.905474
52,5.429657
53,-0.430135
54,9.061532
55,-4.479366
56,-0.666903
57,0.386440
58,2.322924
59,4.168622
60,2.483065
61,-2.937985
62,2.587463
63,-1.292703
64,-4.053104
65,-4.090205
66,0.185034
67,-0.173882
68,7.154208
69,-3.460352
70,2.637590
71,-0.000593
72,5.005755
73,4.948689
74,8.611115
75,-4.614038
76,5.512565
77,9.156960
78,0.107340
79,-3.429144
80,-3.866155
81,6.206979
82,8.891106
83,1.755283
84,-0.187063
85,7.694566
86,-3.064631
87,2.127741
88,-0.243139
89,-0.076369
90,-3.065322
91,5.092042
92,8.600971
93,7.197878
94,8.048422
95,-4.856773
96,3.139485
97,3.911610
98,2.649654
99,9.198822
100,7.641512
101,4.148914
102,4.592361
103,-2.550216
104,-0.199565
105,-1.334159
106,6.428971
107,-3.558841
108,-3.688212
109,-0.374790
110,-1.057448
111,-2.364991
112,6.164815
113,-3.431829
114,0.869078
115,0.286795
116,-2.653511
117,8.640790
118,7.084640
119,-0.498992
120,4.225323
121,2.912853
122,-1.260861
123,-3.866823
124,5.607427
125,8.429854
126,-4.592668
127,3.343036
128,8.379285
129,7.639662
130,-0.024263
131,-0.444832
132,-0.836337
133,9.105460
134,-2.447236
135,-0.480086
136,4.994096
137,4.926523
138,8.970158
139,1.201721
140,0.771259
141,-0.823098
142,2.135738
143,7.184207
144,7.725601
145,6.343240
146,2.099548
147,9.489443
148,1.520461
149,6.611484
150,6.578130
151,0.724080
152,1.183330
153,8.201108
154,0.395082
155,-0.498948
156,3.896217
157,-0.770336
158,2.884817
159,-4.034063
160,3.776287
161,9.193305
162,-0.873586
163,-3.503759
164,9.547416
165,-3.294272
166,1.812198
167,2.758189
168,6.229188
169,0.952956
170,4.049376
171,3.986056
172,2.682232
173,0.653527
174,-5.131087
175,6.015099
176,8.234764
177,4.658528
178,1.627473
179,8.613793
180,-2.456034
181,3.614843
182,3.110455
183,2.656933
184,1.786925
185,5.690201
186,7.840735
187,2.398800
188,9.125768
189,4.641218
190,-2.278373
191,1.898766
192,9.162943
193,-4.731112
194,0.289618
195,3.287390
196,9.247736
197,-3.336038
198,2.662198
199,-0.237932
200,-0.309722
201,-3.710315
202,3.921210
203,0.002047
204,4.119702
205,-0.169632
206,0.386392
207,-3.401981
208,9.368611
209,9.012416
210,3.427492
211,6.284766
212,-0.135393
213,0.661298
214,3.532655
215,4.053438
216,-0.096305
217,-4.902521
218,5.974600
219,2.152947
220,3.951191
221,7.757121
222,-0.132443
223,4.000182
224,7.828006
225,1.138929
226,3.783335
227,4.720768
228,-3.178162
229,8.501629
230,-1.795422
231,2.432821
232,1.683285
233,-2.804945
234,0.110660
235,-0.209863
236,-0.925811
237,-4.158563
238,0.519443
239,3.226741
240,-4.115671
241,0.900656
242,5.304833
243,7.763088
244,9.348651
245,-4.009137
246,7.708247
247,1.466850
248,-3.893345
249,4.972321
250,-2.176278
251,-0.945427
252,4.130641
253,8.133275
254,8.761534
255,9.059212
256,4.916238
257,6.675375
258,6.107279
259,-4.627537
260,8.469683
261,-4.003000
262,-3.960008
263,6.136869
264,-0.728640
265,-3.355969
266,8.691872
267,-4.577883
268,7.500223
269,9.128813
270,-4.197945
271,9.567057
272,-3.759767
273,7.501212
274,0.190791
275,-1.965005
276,-2.014569
277,-0.226763
278,-2.850521
279,6.661703
280,2.486734
281,0.746982
282,2.861094
283,3.218435
284,3.129861
285,-1.544299
286,-1.491474
287,-1.667327
288,-3.505805
289,7.553440
290,-2.357871
291,8.428031
292,7.540223
293,5.947611
294,7.114782
295,3.671812
296,1.121596
297,-3.386653
298,5.057073
299,9.433593
300,-3.677076
301,4.546957
302,2.664776
303,-2.819357
304,-4.752658
305,3.675375
306,4.883309
307,4.953586
308,8.194983
309,-0.124261
310,-3.546501
311,-2.503131
312,3.780753
313,3.822478
314,-4.488088
315,6.012785
316,-0.483180
317,2.661162
318,4.801971
319,-1.375255
320,5.121780
321,0.923255
322,7.723619
323,0.524964
324,4.925768
325,3.466695
326,2.255414
327,2.623526
328,8.301003
329,-2.131815
330,1.635242
331,-2.954793
332,-3.239016
333,-3.661105
334,8.864128
335,-0.952248
336,4.783808
337,6.180445
338,4.885528
339,2.695427
340,-4.188130
341,6.348474
342,7.567137
343,4.293233
344,9.345828
345,9.415429
346,2.523772
347,-4.170747
348,2.703455
349,6.317813
350,-2.523657
351,-3.033850
352,3.928051
353,0.262782
354,2.477251
355,6.652167
356,4.493050
357,-3.759612
358,8.058024
359,9.360362
360,0.052526
361,1.662113
362,1.713726
363,9.234047
364,8.321247
365,9.116728
366,-4.486158
367,0.619749
368,1.822357
369,-3.111753
370,6.227564
371,-2.205685
372,-2.115880
373,2.341240
374,-0.191558
375,9.103469
376,3.346356
377,4.179154
378,-3.640769
379,-4.186945
380,8.242221
381,6.894133
382,5.320034
383,9.477931
384,-0.034043
385,2.141194
386,6.235204
387,-2.021759
388,9.131170
389,-0.400802
390,6.836691
391,-2.888390
392,0.294931
393,7.737522
394,-2.499451
395,-2.411504
396,2.755006
397,6.231490
398,-3.039587
399,-0.736498
400,4.787811
401,-2.387368
402,5.551117
403,2.380754
404,6.000771
405,-5.023838
406,7.223197
407,1.243637
408,-0.054292
409,1.931556
410,3.117070
411,1.352129
412,-0.027074
413,-2.038128
414,4.483754
415,7.946330
416,-2.063844
417,-1.940353
418,6.571532
419,9.134611
420,-3.993280
421,7.558285
422,-4.352921
423,3.644953
424,1.875771
425,3.578129
426,3.813081
427,8.513217
428,-2.135606
429,-2.512031
430,-1.736613
431,-3.710651
432,2.006444
433,8.433669
434,-1.710172
435,8.594582
436,-3.949097
437,-3.587074
438,-3.206591
439,2.132205
440,-2.483329
441,-1.545746
442,8.064243
443,9.204963
444,0.861636
445,-1.801931
446,1.129590
447,2.412756
448,2.184003
449,9.581253
450,-2.540409
451,-1.697413
452,2.220510
453,-2.442672
454,8.889215
455,9.207964
456,8.571376
457,8.685497
458,2.068291
459,-0.054589
460,3.448079
461,6.043099
462,-0.976158
463,-4.634709
464,-2.503704
465,-4.714025
466,-0.951337
467,2.983781
468,-3.476316
469,-2.764429
470,2.017000
471,1.816618
472,9.111255
473,6.876421
474,1.917082
475,8.509735
476,-2.731863
477,6.855879
478,-4.016070
479,4.912550
480,2.824406
481,8.773730
482,4.720864
483,4.736393
484,6.163057
485,3.583087
486,5.677929
487,9.350741
488,5.016445
489,-1.177501
490,2.110016
491,2.972390
492,7.503621
493,0.707337
494,4.217616
495,5.768719
496,7.165519
497,9.170861
498,8.951602
499,-1.798405
500,8.659280
501,9.106923
502,7.253963
503,8.137942
504,7.227124
505,-3.318803
506,1.738457
507,-2.559845
508,-1.963039
509,8.536513
510,5.127655
511,-2.026282
512,6.375464
513,4.317574
514,9.028048
515,-2.299329
516,0.227409
517,-1.394133
518,3.498426
519,-3.140618
520,-0.723056
521,0.984787
522,3.913030
523,1.154842
524,2.432541
525,6.163292
526,-4.405642
527,4.668053
528,-4.243457
529,0.297989
530,9.272771
531,0.761588
532,-2.228879
533,3.643424
534,7.806998
535,0.103149
536,9.355709
537,-4.049668
538,8.413114
539,0.288896
540,9.311272
541,9.043776
542,-1.511130
543,5.432825
544,-0.192875
545,7.895220
546,8.573319
547,9.535462
548,-2.948122
549,-2.085869
550,3.498876
551,1.228302
552,5.902874
553,-0.679974
554,-4.166218
555,8.491676
556,7.052262
557,-0.187730
558,-0.670011
559,2.618686
560,-1.862156
561,2.524114
562,-4.442424
563,8.108807
564,-3.351231
565,3.310939
566,-2.324620
567,5.774340
568,-0.197164
569,-4.732959
570,2.708647
571,2.231643
572,5.045040
573,-0.761247
574,-3.671505
575,1.585639
576,8.667695
577,0.843986
578,5.333333
579,1.537693
580,9.455741
581,7.690321
582,1.535916
583,-2.614349
584,2.229608
585,0.553320
586,-2.188274
587,8.408849
588,0.633542
589,-3.221612
590,3.452916
591,6.400282
592,-4.287557
593,5.192076
594,6.833840
595,6.932432
596,8.064918
597,1.778157
598,2.883917
599,3.710834
600,5.444128
601,2.836743
602,1.438400
603,-2.483852
604,3.514211
605,9.266601
606,0.731410
607,-4.547411
608,3.415986
609,-3.670728
610,0.135519
611,5.561229
612,0.370182
613,-2.776624
614,5.630608
615,6.869561
616,6.790989
617,-3.526368
618,3.304537
619,0.578592
620,2.448408
621,0.891974
622,1.409376
623,0.279076
624,2.037581
625,-1.983100
626,5.516592
627,-3.423350
628,2.973108
629,-4.352752
630,-0.652827
631,2.643803
632,-3.234418
633,-1.943985
634,-1.900834
635,-0.842327
636,-3.234888
637,-0.466946
638,7.735132
639,-4.978175
640,-4.099086
641,-0.527540
642,6.468706
643,-0.326155
644,-2.803914
645,7.864243
646,2.378439
647,-4.304306
648,0.687898
649,-3.372195
650,-0.599060
651,7.714430
652,-2.851875
653,-0.745845
654,-4.105067
655,5.275411
656,-4.515736
657,8.869380
658,4.257006
659,-0.547495
660,8.101127
661,8.400647
662,-5.177825
663,1.548990
664,2.821098
665,0.381501
666,9.046952
667,8.575191
668,3.112778
669,-0.283780
670,5.491262
671,1.823002
672,-1.196496
673,9.179624
674,-1.261244
675,-3.869205
676,4.587453
677,-2.997246
678,5.689885
679,3.339286
680,-2.690931
681,1.452512
682,1.667909
683,6.863139
684,8.721658
685,-1.509893
686,-0.110817
687,5.283186
688,-4.839825
689,-0.260842
690,1.283127
691,7.936513
692,0.707260
693,-0.919554
694,5.178949
695,-0.388203
696,7.671972
697,-1.874078
698,-0.273175
699,3.487360
700,4.574143
701,9.265400
702,4.343521
703,-4.057672
704,-1.200812
705,-2.951604
706,4.901845
707,7.337534
708,-2.851201
709,-3.125404
710,-0.386768
711,7.527289
712,0.296940
713,9.433008
714,4.440598
715,-1.281744
716,-3.623323
717,-3.090146
718,7.070784
719,-1.154361
720,9.206784
721,6.456974
722,8.372853
723,-3.316542
724,8.818128
725,-2.984445
726,-2.803897
727,-0.223387
728,-1.867955
729,0.502184
730,5.413973
731,3.532418
732,2.703323
733,0.781715
734,1.255216
735,3.514294
736,-2.574544
737,2.094943
738,9.025762
739,0.338524
740,4.100030
741,-3.018299
742,-2.976003
743,-0.338159
744,5.628765
745,3.453447
746,7.166675
747,8.805188
748,4.063151
749,1.854630
750,0.358173
751,9.536585
752,8.510177
753,-4.920456
754,0.387724
755,3.969518
756,2.161493
757,-1.956703
758,2.969882
759,-0.312973
760,9.449213
761,3.184196
762,3.294688
763,9.043582
764,-0.289691
765,2.334020
766,5.704739
767,6.943031
768,-2.203254
769,0.265940
770,-1.969920
771,8.069362
772,3.009089
773,3.090709
774,-3.237842
775,8.603609
776,-4.435808
777,-3.261927
778,-4.620759
779,4.883841
780,-1.101509
781,-2.409222
782,7.699162
783,-2.948164
784,9.539436
785,-2.102923
786,5.761413
787,1.992167
788,-3.079723
789,-1.536816
790,6.939412
791,3.497225
792,9.446878
793,-2.700141
794,-3.667036
795,1.160130
796,-2.805684
797,7.236746
798,6.190365
799,2.297348
800,5.488345
801,5.573698
802,-1.533538
803,9.384854
804,4.691819
805,3.191639
806,2.220356
807,-3.131676
808,0.956802
809,2.958505
810,-1.838911
811,0.753560
812,8.437291
813,0.946479
814,2.976627
815,0.072231
816,-1.496631
817,-1.908847
818,-2.524091
819,3.678611
820,1.184970
821,4.348373
822,2.744360
823,-1.175440
824,4.833176
825,3.211186
826,-4.762108
827,7.155821
828,-4.865650
829,3.210228
830,2.262929
831,-4.171701
832,4.103849
833,9.375844
834,-1.971520
835,7.556030
836,-0.686858
837,0.800436
838,-0.259582
839,6.950969
840,3.788558
841,-1.296510
842,6.092785
843,3.996817
844,8.395886
845,-1.727511
846,2.231054
847,3.313231
848,-1.808104
849,-4.143257
850,5.344953
851,-0.312053
852,1.868071
853,-1.072793
854,0.533964
855,3.682982
856,-0.205457
857,-0.869485
858,6.212069
859,-3.163020
860,4.172152
861,0.084974
862,-4.067220
863,-4.234011
864,-4.994430
865,-2.309668
866,0.669293
867,8.852537
868,-2.303210
869,2.653175
870,-2.910633
871,6.915571
872,4.687480
873,9.607899
874,1.960644
875,-4.088277
876,4.210910
877,9.702934
878,-1.297432
879,-0.779119
880,8.735161
881,-0.182882
882,7.996052
883,8.788212
884,3.392319
885,9.471956
886,5.802074
887,-2.953936
888,5.271288
889,2.726632
890,8.025423
891,3.753312
892,-2.205830
893,-4.023293
894,3.664548
895,9.260212
896,-2.581600
897,-2.805443
898,3.596436
899,0.952299
900,8.051586
901,-4.602116
902,-3.464050
903,9.180322
904,3.499355
905,-3.449851
906,3.990484
907,8.640076
908,5.251683
909,3.832474
910,6.177669
911,8.489425
912,-0.940250
913,3.721136
914,5.157683
915,1.383231
916,-4.613533
917,-2.168334
918,5.977060
919,6.062381
920,0.895836
921,3.126360
922,6.567682
923,6.189468
924,6.346317
925,6.640451
926,4.582667
927,-4.873688
928,7.479180
929,3.594238
930,5.690290
931,-4.171718
932,-0.815152
933,4.551987
934,0.154806
935,2.585443
936,6.504840
937,-4.687081
938,5.636365
939,5.579750
940,-2.386207
941,-1.425731
942,-3.994616
943,0.598684
944,-0.387205
945,2.893022
946,3.656586
947,-1.833630
948,2.640260
949,-4.453128
950,2.443040
951,-2.375109
952,-0.546299
953,-1.262157
954,9.149971
955,4.037009
956,6.267248
957,-0.366093
958,1.368586
959,9.601168
960,6.560309
961,-4.263376
962,-2.676375
963,4.107299
964,8.458023
965,0.994301
966,5.720069
967,-0.588699
968,3.527700
969,4.136142
970,0.278232
971,2.579560
972,-3.886330
973,9.508828
974,6.204059
975,5.756542
976,-2.225845
977,-1.815684
978,8.408459
979,5.648714
980,0.477886
981,9.574994
982,0.103815
983,-2.474320
984,4.815693
985,3.329005
986,2.551515
987,3.381052
988,-3.024023
989,0.219436
990,0.836189
991,3.158136
992,3.813156
993,-3.686435
994,8.627224
995,0.832117
996,4.549847
997,4.159656
998,4.535974
999,9.249428
1000,8.682051
1001,1.264332
1002,3.772172
1003,0.145769
1004,-2.463349
1005,9.126826
1006,0.396960
1007,9.520154
1008,1.390448
1009,7.509216
1010,0.942014
1011,0.210332
1012,6.915434
1013,8.955127
1014,6.164420
1015,-0.259544
1016,-3.703593
1017,-1.263873
1018,3.885902
1019,2.164074
1020,7.230025
1021,-3.941842
1022,3.974540
1023,9.258866
1024,2.813106
1025,9.447400
1026,6.719652
1027,5.944717
1028,2.325152
1029,1.648476
1030,1.354315
1031,5.157390
1032,8.995815
1033,9.210646
1034,3.466566
1035,-0.313288
1036,3.787142
1037,2.094624
1038,1.465492
1039,-4.404376
1040,-1.745694
1041,3.714974
1042,4.697158
1043,5.726179
1044,5.144955
1045,2.790483
1046,-2.455894
1047,2.982993
1048,2.148755
1049,6.486670
1050,1.455905
1051,7.989271
1052,-0.371639
1053,2.228947
1054,3.797689
1055,0.426426
1056,-1.938351
1057,5.708729
1058,1.858688
1059,-0.353029
1060,9.298022
1061,9.171187
1062,3.062163
1063,6.007161
1064,-0.135617
1065,-0.402321
1066,-4.467098
1067,-1.012551
1068,4.205861
1069,-2.216156
1070,3.830004
1071,-2.030287
1072,-2.925870
1073,2.157293
1074,3.134683
1075,1.339253
1076,-4.123744
1077,1.580111
1078,0.141315
1079,-3.427980
1080,-3.161963
1081,6.467982
1082,2.121063
1083,5.494952
1084,-0.018580
1085,-3.584153
1086,-3.676827
1087,0.901591
1088,6.262362
1089,2.387359
1090,-3.669793
1091,2.585986
1092,9.026733
1093,-2.382161
1094,4.907418
1095,5.685545
1096,3.443119
1097,1.378862
1098,7.081645
1099,-4.481050
1100,-4.244815
1101,-4.395471
1102,7.952142
1103,8.724899
1104,9.087294
1105,4.374354
1106,7.477045
1107,-1.022151
1108,-4.316678
1109,8.667728
1110,-3.497341
1111,2.731222
1112,-0.770744
1113,-1.922692
1114,3.314188
1115,9.401151
1116,4.689939
1117,1.289596
1118,-0.730259
1119,5.628558
1120,9.049336
1121,2.746853
1122,6.777497
1123,2.233233
1124,9.208921
1125,-2.943852
1126,3.343403
1127,1.651228
1128,-3.946483
1129,9.362775
1130,0.784147
1131,2.799362
1132,2.068876
1133,3.443535
1134,6.069182
1135,-4.415232
1136,0.434395
1137,-2.618549
1138,-4.478226
1139,6.246165
1140,2.044711
1141,5.502022
1142,3.158136
1143,1.923119
1144,7.397765
1145,5.163012
1146,0.300551
1147,9.402603
1148,6.621128
1149,0.780497
1150,-1.379462
1151,-3.411400
1152,3.482303
1153,-0.506158
1154,7.549865
1155,-3.793329
1156,8.291819
1157,5.035879
1158,6.078195
1159,-4.821396
1160,-2.134776
1161,-4.314863
1162,-0.364457
1163,4.046253
1164,4.921631
1165,1.754666
1166,7.871179
1167,4.124367
1168,8.051323
1169,8.030103
1170,2.329279
1171,-4.216814
1172,3.524248
1173,5.406351
1174,9.038501
1175,7.647671
1176,9.416245
1177,8.746841
1178,1.570589
1179,8.983891
1180,8.181891
1181,9.305216
1182,8.712226
1183,1.358241
1184,5.337319
1185,-3.773640
1186,5.569761
1187,5.693361
1188,-1.818236
1189,8.079440
1190,8.640790
1191,-0.307655
1192,3.020648
1193,2.422258
1194,3.335227
1195,-3.519446
1196,2.916892
1197,-4.864458
1198,2.364021
1199,0.031899
1200,9.319011
1201,4.222813
1202,-1.081108
1203,4.825792
1204,-4.573070
1205,0.261274
1206,8.552301
1207,-0.351473
1208,2.326242
1209,-3.950728
1210,-4.701313
1211,9.104773
1212,-3.023676
1213,3.134915
1214,7.787867
1215,7.212582
1216,8.486236
1217,5.993283
1218,9.010043
1219,1.368159
1220,-2.245709
1221,7.281137
1222,6.398548
1223,0.736639
1224,7.314774
1225,2.507543
1226,-0.184736
1227,5.149397
1228,4.347513
1229,-3.744897
1230,0.603714
1231,2.606324
1232,6.809958
1233,6.033739
1234,3.337324
1235,1.828946
1236,-4.327786
1237,3.117040
1238,-3.788094
1239,-5.224441
1240,9.179833
1241,4.974511
1242,6.626111
1243,9.274133
1244,2.572769
1245,-1.285970
1246,5.392793
1247,-1.219104
1248,9.452237
1249,6.769591
1250,2.242517
1251,5.972471
1252,8.024715
1253,-0.912409
1254,-4.445693
1255,2.723323
1256,1.912161
1257,6.315162
1258,-3.052902
1259,-1.382160
1260,8.990577
1261,0.072407
1262,0.425424
1263,1.954968
1264,5.732855
1265,-0.734257
1266,2.319064
1267,3.450896
1268,6.564944
1269,-2.653644
1270,-3.248796
1271,2.013269
1272,-1.432294
1273,9.180633
1274,-1.250440
1275,2.559537
1276,0.065687
1277,5.652637
1278,-2.473483
1279,1.928346
1280,3.436957
1281,5.269500
1282,3.456287
1283,-0.467120
1284,6.879790
1285,-1.592546
1286,7.210853
1287,-3.111064
1288,7.933243
1289,4.289862
1290,-4.179092
1291,7.167604
1292,4.983738
1293,-4.004515
1294,-2.853720
1295,0.853403
1296,0.630013
1297,-3.280169
1298,-3.851123
1299,7.421653
1300,-4.281978
1301,5.880091
1302,7.753170
1303,-3.531310
1304,-3.507514
1305,4.471794
1306,-0.771795
1307,2.844669
1308,-3.560046
1309,1.524935
1310,4.706817
1311,-4.046098
1312,2.022682
1313,3.353252
1314,3.622581
1315,-1.702111
1316,3.692146
1317,-2.024628
1318,-1.456243
1319,3.665719
1320,8.205778
1321,3.761452
1322,9.315696
1323,4.619401
1324,0.168165
1325,9.310465
1326,-3.094173
1327,8.697628
1328,1.410289
1329,6.118097
1330,4.380940
1331,-2.535734
1332,-0.902146
1333,4.616267
1334,2.408357
1335,-4.143412
1336,1.198343
1337,-2.873767
1338,9.011173
1339,3.467493
1340,6.626784
1341,8.745973
1342,1.313837
1343,3.500360
1344,1.568148
1345,9.234517
1346,-3.351049
1347,6.354718
1348,-0.169776
1349,7.814957
1350,5.223968
1351,0.910368
1352,4.682108
1353,1.347047
1354,9.451965
1355,2.507331
1356,5.372812
1357,5.364230
1358,3.968972
1359,-2.768911
1360,-5.265659
1361,3.763448
1362,5.243292
1363,6.888789
1364,-3.218942
1365,5.935843
1366,6.131603
1367,-2.084101
1368,5.285747
1369,-4.640581
1370,1.229186
1371,2.529541
1372,-2.388371
1373,-0.055002
1374,3.482186
1375,0.300680
1376,2.194541
1377,3.577479
1378,-0.287074
1379,0.845686
1380,-3.087769
1381,2.185195
1382,-4.347969
1383,-3.810958
1384,0.760435
1385,4.518071
1386,3.658762
1387,2.742488
1388,1.292625
1389,-1.388466
1390,-2.506326
1391,3.548501
1392,9.296732
1393,3.067813
1394,4.787834
1395,0.235718
1396,9.535476
1397,-0.844364
1398,-0.935637
1399,3.581886
1400,8.810080
1401,-4.270311
1402,1.895674
1403,0.596694
1404,1.288788
1405,4.567802
1406,-0.447108
1407,0.304845
1408,3.472297
1409,9.102285
1410,-1.541933
1411,7.533210
1412,9.074840
1413,-1.296246
1414,8.909380
1415,-1.878048
1416,8.683819
1417,-4.381060
1418,0.302483
1419,7.804813
1420,-1.928623
1421,1.681910
1422,9.082207
1423,6.141060
1424,1.122835
1425,-1.028401
1426,2.851996
1427,1.661785
1428,1.895796
1429,-4.014771
1430,1.488947
1431,-2.204971
1432,5.689385
1433,7.749820
1434,1.520447
1435,9.651229
1436,-5.199751
1437,-0.225411
1438,1.848274
1439,0.694214
1440,9.566824
1441,-2.352808
1442,1.497220
1443,6.392457
1444,-2.095808
1445,-0.254173
1446,4.644597
1447,6.582724
1448,7.370984
1449,0.226353
1450,1.647744
1451,-1.353288
1452,6.914386
1453,2.147871
1454,6.785373
1455,-3.031403
1456,2.491359
1457,-2.549332
1458,3.462855
1459,0.135425
1460,-3.330827
1461,2.716251
1462,4.268970
1463,-3.866799
1464,-2.660025
1465,0.217310
1466,9.638851
1467,6.084112
1468,8.976882
1469,9.020496
1470,-1.615457
1471,8.759078
1472,-3.840989
1473,-4.686207
1474,7.910282
1475,5.456758
1476,8.169330
1477,8.929677
1478,-5.677730
1479,-3.000865
1480,-4.408988
1481,-2.552792
1482,7.674841
1483,9.079631
1484,9.638772
1485,-1.331011
1486,9.486676
1487,9.307714
1488,7.355264
1489,1.651845
1490,-2.179188
1491,5.667421
1492,9.563512
1493,-4.423393
1494,2.644097
1495,4.700712
1496,0.723816
1497,1.390978
1498,7.437080
1499,8.323920
1500,4.477785
1501,1.549154
1502,0.739513
1503,6.027802
1504,1.083329
1505,6.414099
1506,7.889638
1507,4.758760
1508,2.966001
1509,2.379701
1510,-1.063181
1511,8.397004
1512,6.939508
1513,9.175222
1514,3.566069
1515,4.642971
1516,5.105653
1517,1.005767
1518,3.146015
1519,1.820962
1520,-2.201970
1521,-0.225895
1522,1.579368
1523,3.298797
1524,1.733038
1525,1.678581
1526,5.957636
1527,3.298588
1528,8.647360
1529,-0.336218
1530,3.369477
1531,-2.092622
1532,2.851794
1533,6.287382
1534,5.331476
1535,1.405238
1536,-3.312040
1537,7.673740
1538,8.066108
1539,1.941987
1540,-3.687043
1541,3.534592
1542,-1.221978
1543,4.959227
1544,6.391802
1545,3.969302
1546,-4.467597
1547,0.093536
1548,8.514967
1549,-0.028302
1550,7.164445
1551,-3.494938
1552,8.846492
1553,-0.077667
1554,3.318642
1555,3.459868
1556,7.356734
1557,3.795043
1558,4.685621
1559,0.625239
1560,-2.729698
1561,6.734779
1562,-1.240826
1563,0.564230
1564,-1.383224
1565,4.989074
1566,3.103667
1567,6.963171
1568,-1.444329
1569,8.086124
1570,4.808588
1571,-0.903185
1572,8.679518
1573,0.781271
1574,8.268968
1575,7.949705
1576,4.096756
1577,-2.448719
1578,2.727939
1579,1.011478
1580,0.817673
1581,5.730985
1582,5.397917
1583,3.182820
1584,2.519428
1585,2.202909
1586,6.203484
1587,1.601100
1588,-0.165408
1589,2.931259
1590,-3.848798
1591,0.138066
1592,-2.444397
1593,2.403946
1594,-4.153111
1595,-4.608426
1596,2.517963
1597,2.851090
1598,1.567443
1599,4.438075
1600,3.010273
1601,4.395765
1602,-0.901614
1603,0.395335
1604,-0.722044
1605,-4.141400
1606,8.771890
1607,9.118673
1608,-1.450897
1609,6.707065
1610,4.751142
1611,5.286118
1612,8.260030
1613,0.433523
1614,9.301896
1615,-2.368084
1616,-1.764478
1617,3.258486
1618,-2.598446
1619,1.349621
1620,9.251324
1621,8.614634
1622,6.709467
1623,-4.363193
1624,3.044326
1625,-0.471812
1626,2.433764
1627,3.503948
1628,5.115652
1629,6.697677
1630,1.632603
1631,-0.930711
1632,6.321167
1633,2.248084
1634,-3.930207
1635,-3.662211
1636,7.620900
1637,0.982439
1638,-0.210914
1639,2.805620
1640,2.115535
1641,-2.235845
1642,-0.750349
1643,9.036136
1644,8.007503
1645,8.202774
1646,4.520747
1647,-0.020935
1648,8.069848
1649,6.759744
1650,3.220739
1651,-2.484728
1652,-3.296092
1653,-0.428988
1654,8.844884
1655,0.773623
1656,0.316455
1657,9.233472
1658,7.095381
1659,-4.170123
1660,8.434439
1661,-4.625303
1662,7.868188
1663,-1.799237
1664,5.677930
1665,-0.455782
1666,6.323777
1667,7.542268
1668,1.723526
1669,-0.714042
1670,6.868557
1671,0.484010
1672,2.168678
1673,5.237040
1674,7.356386
1675,-0.433826
1676,9.106734
1677,3.834173
1678,5.596537
1679,4.938227
1680,1.382763
1681,3.822531
1682,3.967755
1683,3.607245
1684,9.487926
1685,5.563378
1686,8.259962
1687,0.908542
1688,9.103781
1689,9.611074
1690,9.426961
1691,1.977721
1692,2.559717
1693,-2.857028
1694,-1.450846
1695,1.074353
1696,3.950093
1697,-0.854808
1698,3.963973
1699,4.754805
1700,-1.759671
1701,-3.636973
1702,-3.103090
1703,1.864357
1704,1.974360
1705,0.906958
1706,5.173960
1707,0.329782
1708,8.546086
1709,2.655368
1710,-3.545085
1711,4.922552
1712,3.173931
1713,-4.732149
1714,2.233715
1715,9.313105
1716,-3.591601
1717,5.874918
1718,2.163307
1719,6.511864
1720,6.523702
1721,-1.379348
1722,6.591300
1723,-4.184391
1724,3.660593
1725,4.317809
1726,9.307848
1727,3.117227
1728,0.236311
1729,4.780892
1730,0.535214
1731,9.508395
1732,8.437996
1733,-4.063292
1734,5.239069
1735,3.278322
1736,3.871277
1737,8.636207
1738,5.411367
1739,3.886344
1740,8.879297
1741,6.180942
1742,-2.900043
1743,2.825933
1744,4.224302
1745,8.618948
1746,5.069839
1747,4.505735
1748,-3.146478
1749,1.319288
1750,-1.490230
1751,1.337924
1752,4.594534
1753,4.576207
1754,8.838165
1755,2.041462
1756,7.418682
1757,0.193438
1758,8.776705
1759,6.007936
1760,1.050942
1761,5.471935
1762,-1.567764
1763,-4.369189
1764,7.544132
1765,7.229274
1766,3.382850
1767,4.016170
1768,0.244227
1769,7.959000
1770,3.288555
1771,9.590698
1772,2.014136
1773,1.939614
1774,-3.635352
1775,-0.060121
1776,-4.728810
1777,-0.285884
1778,-2.328678
1779,1.104001
1780,-3.642180
1781,2.162962
1782,8.393089
1783,5.201858
1784,5.695045
1785,3.088946
1786,4.631298
1787,2.769685
1788,-3.660043
1789,6.594981
1790,1.954116
1791,0.674796
1792,7.696395
1793,3.081536
1794,5.467112
1795,-4.517174
1796,5.150814
1797,-2.971715
1798,4.854995
1799,-2.096448
1800,2.763671
1801,5.047418
1802,4.503178
1803,4.148382
1804,-1.569549
1805,-1.171703
1806,-1.114936
1807,8.886527
1808,8.043676
1809,-4.117748
1810,9.070429
1811,4.066772
1812,1.189260
1813,5.619571
1814,2.007424
1815,0.095331
1816,0.157324
1817,2.689492
1818,-0.834178
1819,9.200784
1820,3.420479
1821,3.155253
1822,2.852469
1823,8.746775
1824,2.991996
1825,6.252913
1826,-2.585523
1827,7.661810
1828,8.889245
1829,-0.014179
1830,-3.579636
1831,-0.235183
1832,-3.863385
1833,-2.121619
1834,-1.204393
1835,-0.101338
1836,0.928917
1837,-1.623189
1838,8.944139
1839,8.841656
1840,7.353551
1841,-4.304259
1842,7.350720
1843,9.153244
1844,3.199940
1845,-2.737091
1846,7.876147
1847,9.108092
1848,1.321787
1849,5.152745
1850,3.472764
1851,-2.931376
1852,9.358255
1853,-1.771579
1854,-3.700592
1855,-0.300896
1856,4.462969
1857,4.918844
1858,4.622544
1859,9.108731
1860,-2.168518
1861,-2.777192
1862,-1.105910
1863,-0.307023
1864,0.104539
1865,-3.493916
1866,5.701617
1867,4.444152
1868,-3.550814
1869,6.892890
1870,5.594991
1871,9.066381
1872,5.555530
1873,0.927732
1874,9.234968
1875,1.896317
1876,8.226860
1877,8.686999
1878,7.512257
1879,6.769874
1880,2.796347
1881,6.172535
1882,8.597321
1883,-4.515121
1884,5.657404
1885,6.188127
1886,6.473750
1887,5.767083
1888,0.944488
1889,8.134949
1890,7.377420
1891,3.286961
1892,1.587732
1893,4.704121
1894,3.502802
1895,0.516665
1896,2.882957
1897,0.706626
1898,3.725643
1899,-3.935840
1900,2.323797
1901,-3.871594
1902,8.704932
1903,4.526057
1904,6.034505
1905,-2.827607
1906,0.836302
1907,6.768481
1908,4.652056
1909,4.706095
1910,-1.056943
1911,6.213310
1912,-0.691407
1913,3.916420
1914,4.535996
1915,-0.227196
1916,-1.784840
1917,2.258431
1918,-2.053751
1919,7.524727
1920,3.595973
1921,-2.823963
1922,-3.481683
1923,4.747703
1924,-1.812249
1925,6.189328
1926,-4.559376
1927,4.193336
1928,7.179713
1929,3.446922
1930,-2.181078
1931,-3.732632
1932,2.676319
1933,6.377792
1934,3.180247
1935,3.677602
1936,8.234849
1937,5.288994
1938,2.158678
1939,5.648627
1940,5.451490
1941,0.660574
1942,7.272572
1943,-4.673203
1944,-4.588440
1945,1.953804
1946,3.330832
1947,2.178031
1948,-0.014448
1949,7.233457
1950,5.512025
1951,8.363003
1952,8.498245
1953,1.248970
1954,1.364296
1955,-0.629880
1956,9.204704
1957,3.695033
1958,8.073466
1959,0.768713
1960,8.167545
1961,-2.593637
1962,-2.591372
1963,4.288464
1964,3.342874
1965,-3.237485
1966,1.990138
1967,5.848754
1968,-0.443647
1969,-1.428557
1970,0.084556
1971,3.547962
1972,8.413954
1973,-1.132155
1974,2.791816
1975,6.316851
1976,-3.857387
1977,7.608056
1978,-3.561120
1979,1.158992
1980,3.161724
1981,2.587237
1982,1.937356
1983,-3.844844
1984,-3.775429
1985,-0.064238
1986,-2.415725
1987,7.629535
1988,1.656053
1989,7.484335
1990,-2.394405
1991,-0.629834
1992,8.895433
1993,7.730850
1994,3.907978
1995,2.167475
1996,-4.514742
1997,4.636241
1998,4.759261
1999,6.560466
2000,-0.599750
2001,4.688949
2002,-0.590658
2003,2.250296
2004,-0.055386
2005,8.133928
2006,7.807030
2007,-1.171027
2008,-1.139813
2009,9.441103
2010,-4.061599
2011,7.119361
2012,-2.631841
2013,3.436019
2014,6.266756
2015,-4.636197
2016,7.617732
2017,-4.699372
2018,-0.116058
2019,5.962567
2020,9.003589
2021,2.311525
2022,-3.459498
2023,5.831923
2024,-2.962600
2025,6.840412
2026,0.317236
2027,-2.694494
2028,8.659657
2029,-1.981811
2030,1.061916
2031,1.396480
2032,2.596188
2033,0.439175
2034,5.446182
2035,3.076769
2036,-4.491317
2037,3.195133
2038,5.311768
2039,5.864688
2040,-4.005194
2041,9.452515
2042,-2.880798
2043,4.697565
2044,-1.047128
2045,7.263559
2046,4.440298
2047,-0.483413
2048,1.682047
2049,5.606513
2050,-2.028090
2051,3.310372
2052,3.904049
2053,0.378176
2054,2.448835
2055,0.063940
2056,-2.776519
2057,-4.036033
2058,5.909508
2059,1.502782
2060,2.903481
2061,8.588410
2062,8.961730
2063,2.226767
2064,-1.339198
2065,-2.876043
2066,-2.445466
2067,-0.671174
2068,3.663959
2069,4.082991
2070,8.398091
2071,0.431877
2072,4.146278
2073,-0.655376
2074,9.414324
2075,8.477737
2076,5.478284
2077,8.867376
2078,-1.601457
2079,5.528272
2080,0.843961
2081,2.115362
2082,0.846020
2083,1.796810
2084,-2.293037
2085,8.565633
2086,-3.011215
2087,3.489001
2088,3.366307
2089,-4.543309
2090,3.175178
2091,7.744766
2092,5.851660
2093,0.373457
2094,1.628866
2095,9.316206
2096,7.496434
2097,5.762714
2098,5.457851
2099,-0.162549
2100,4.035209
2101,4.229254
2102,1.590638
2103,-1.424756
2104,2.261217
2105,3.733022
2106,-3.909474
2107,1.169886
2108,0.420826
2109,5.346872
2110,1.755613
2111,-1.722937
2112,7.723217
2113,-5.318087
2114,9.206236
2115,-1.194206
2116,8.651915
2117,3.448296
2118,3.110314
2119,2.356107
2120,9.610810
2121,-3.264936
2122,3.797150
2123,-1.481147
2124,8.568558
2125,-0.203492
2126,2.723252
2127,7.262990
2128,9.593254
2129,-2.436812
2130,-2.760726
2131,4.996766
2132,-2.163890
2133,3.052453
2134,3.082815
2135,4.011203
2136,1.853320
2137,3.836466
2138,3.801561
2139,5.024974
2140,-1.987442
2141,6.695787
2142,7.063461
2143,-4.281775
2144,-1.907171
2145,-1.157393
2146,1.616370
2147,8.634668
2148,3.823499
2149,8.823815
2150,4.590407
2151,9.513134
2152,9.363568
2153,-3.175980
2154,1.886845
2155,9.462807
2156,3.817713
2157,-4.679506
2158,5.134700
2159,8.789287
2160,3.094001
2161,9.012205
2162,8.048422
2163,4.377365
2164,-4.609610
2165,-1.016094
2166,0.851433
2167,-2.339954
2168,8.842121
2169,-1.301398
2170,4.035629
2171,-2.775752
2172,4.133897
2173,9.469621
2174,9.483256
2175,1.420614
2176,8.369642
2177,3.966094
2178,-2.520605
2179,8.820090
2180,6.868736
2181,-3.633972
2182,4.263991
2183,4.179503
2184,-4.527563
2185,3.569992
2186,-2.334338
2187,1.063833
2188,9.046282
2189,9.267193
2190,1.450515
2191,2.603460
2192,4.791449
2193,2.037942
2194,8.480613
2195,1.734066
2196,-1.199189
2197,0.390846
2198,0.625106
2199,4.456161
2200,5.433567
2201,4.315364
2202,2.003676
2203,-0.055811
2204,-3.880000
2205,7.133596
2206,3.588109
2207,3.619646
2208,3.826497
2209,5.339680
2210,-4.279842
2211,-4.387164
2212,2.132433
2213,-2.587490
2214,-3.075735
2215,3.923203
2216,7.062789
2217,2.519951
2218,3.427024
2219,1.956428
2220,0.221767
2221,9.563829
2222,4.825935
2223,7.160929
2224,-0.882445
2225,2.834913
2226,-0.384961
2227,8.331887
2228,1.241879
2229,8.727866
2230,0.561795
2231,2.108349
2232,2.942270
2233,9.536780
2234,3.079918
2235,1.417556
2236,5.318151
2237,8.462454
2238,0.967910
2239,2.160805
2240,4.648615
2241,3.289066
2242,5.604225
2243,2.589297
2244,8.882702
2245,-2.012033
2246,1.717449
2247,0.556393
2248,5.801948
2249,3.907303
2250,8.868086
2251,2.939438
2252,-3.117833
2253,5.696680
2254,6.494124
2255,3.271165
2256,-3.476383
2257,-0.697938
2258,9.050800
2259,7.034478
2260,-1.358074
2261,6.113072
2262,0.054975
2263,6.726593
2264,9.161942
2265,-4.313020
2266,2.781802
2267,-1.456016
2268,4.536273
2269,3.735609
2270,-2.233017
2271,-3.108420
2272,9.642691
2273,-2.042429
2274,-3.341961
2275,6.177863
2276,7.640888
2277,0.509635
2278,4.184541
2279,7.091940
2280,9.318282
2281,0.292542
2282,2.405169
2283,2.509450
2284,-4.051493
2285,2.293156
2286,2.347409
2287,-4.099322
2288,7.946260
2289,-4.566661
2290,0.465422
2291,4.536985
2292,6.136676
2293,0.041397
2294,-4.795866
2295,8.188249
2296,8.983551
2297,-5.151279
2298,-0.856596
2299,-1.932487
2300,0.857938
2301,6.138194
2302,0.517509
2303,4.151155
2304,0.153189
2305,-4.831353
2306,2.044073
2307,2.462198
2308,4.271255
2309,-2.909455
2310,2.637499
2311,1.903565
2312,4.640719
2313,9.108826
2314,8.548290
2315,2.036711
2316,-2.900174
2317,-1.506604
2318,0.681775
2319,9.202088
2320,-4.057300
2321,3.458895
2322,-3.637363
2323,3.525920
2324,-1.657576
2325,9.480311
2326,-3.773159
2327,2.038841
2328,-1.827369
2329,4.694681
2330,5.663811
2331,4.938935
2332,0.277414
2333,-0.706356
2334,0.064064
2335,7.473512
2336,1.809532
2337,0.247414
2338,5.242803
2339,-2.110115
2340,-4.749365
2341,7.694178
2342,8.703542
2343,4.488695
2344,-2.937761
2345,-0.461129
2346,8.133207
2347,1.264206
2348,-0.919291
2349,1.870085
2350,4.052525
2351,3.101135
2352,9.227012
2353,-2.022755
2354,2.431863
2355,4.314103
2356,7.880595
2357,8.704548
2358,5.522411
2359,1.009366
2360,7.770428
2361,7.612944
2362,2.247704
2363,-2.691993
2364,-0.552033
2365,3.770585
2366,8.408136
2367,-3.992821
2368,-3.154764
2369,1.777902
2370,4.856790
2371,6.889717
2372,6.855297
2373,4.192356
2374,1.248153
2375,7.413750
2376,-4.019115
2377,9.175062
2378,1.007991
2379,8.050768
2380,7.072019
2381,0.366463
2382,-4.603744
2383,7.697505
2384,1.352736
2385,-1.000083
2386,-0.286338
2387,6.877347
2388,4.966381
2389,0.299931
2390,4.328602
2391,0.733911
2392,7.604332
2393,3.621087
2394,2.140464
2395,6.538205
2396,-3.505374
2397,1.463660
2398,-4.011093
2399,-1.398217
2400,6.009370
2401,4.818103
2402,0.510332
2403,-0.126033
2404,-0.186375
2405,9.159910
2406,-1.223987
2407,8.006194
2408,2.571472
2409,-0.544564
2410,9.425000
2411,-2.192234
2412,-3.542688
2413,3.888379
2414,2.523790
2415,-1.145723
2416,1.240819
2417,-4.463583
2418,-2.386200
2419,2.702354
2420,1.767957
2421,5.628106
2422,-4.167133
2423,7.142395
2424,0.856631
2425,-3.407341
2426,1.421993
2427,-1.963786
2428,-3.717498
2429,1.378531
2430,8.960289
2431,6.046006
2432,0.946347
2433,1.817750
2434,1.049237
2435,5.977402
2436,0.978358
2437,3.021796
2438,8.598870
2439,-1.326700
2440,4.355318
2441,-4.517982
2442,3.071184
2443,-1.539797
2444,-4.061902
2445,-0.343171
2446,-2.180470
2447,5.495183
2448,0.338881
2449,-2.747874
2450,7.312017
2451,4.207587
2452,4.220940
2453,8.884699
2454,6.680273
2455,7.152431
2456,7.093615
2457,-4.207998
2458,6.457651
2459,6.200968
2460,5.869833
2461,5.429639
2462,-0.631783
2463,-2.719553
2464,6.273491
2465,3.958902
2466,2.291199
2467,-1.300416
2468,4.418279
2469,8.070281
2470,-2.265858
2471,-2.391385
2472,8.172491
2473,3.626647
2474,2.443412
2475,6.151899
2476,5.123762
2477,-3.876132
2478,9.205747
2479,0.076455
2480,-2.632732
2481,0.125228
2482,1.948320
2483,1.659807
2484,5.568803
2485,7.063240
2486,0.039116
2487,6.054664
2488,-3.077346
2489,5.961317
2490,2.469449
2491,9.343499
2492,1.756132
2493,8.185108
2494,3.279417
2495,9.524427
2496,3.807827
2497,7.554921
2498,9.048298
2499,-0.929353
2500,8.244146
2501,5.178741
2502,4.137707
2503,2.932031
2504,4.338151
2505,8.135427
2506,-0.396063
2507,8.465634
2508,2.223736
2509,2.588380
2510,-3.362676
2511,9.186762
2512,4.326400
2513,-3.209907
2514,7.603643
2515,5.670134
2516,4.791773
2517,-0.570958
2518,6.420675
2519,-3.958580
2520,-2.531578
2521,5.513148
2522,-0.376488
2523,-1.526113
2524,-0.562426
2525,-3.338019
2526,6.418998
2527,3.416556
2528,5.233919
2529,4.899928
2530,-4.418137
2531,9.539709
2532,1.592951
2533,-0.438292
2534,-4.611731
2535,9.574446
2536,3.824111
2537,-1.455010
2538,2.385441
2539,-0.219583
2540,7.194492
2541,8.995247
2542,8.872400
2543,-2.096538
2544,2.892733
2545,4.723250
2546,3.630372
2547,6.137200
2548,9.511546
2549,0.006965
2550,8.326064
2551,-0.565260
2552,0.066030
2553,6.466750
2554,0.971864
2555,1.834228
2556,5.327727
2557,9.654541
2558,7.215911
2559,1.698815
2560,2.409097
2561,0.237664
2562,1.042970
2563,9.085664
2564,-1.803467
2565,9.243041
2566,5.455539
2567,-2.158233
2568,6.855285
2569,-1.372934
2570,-1.464866
2571,-4.101450
2572,-3.451217
2573,7.722160
2574,-1.037246
2575,-2.249751
2576,3.377877
2577,-1.457533
2578,-1.132181
2579,0.551048
2580,8.627254
2581,3.887140
2582,9.278470
2583,2.754431
2584,-3.384489
2585,-1.124901
2586,5.179394
2587,-2.129908
2588,-3.270787
2589,3.860244
2590,0.569419
2591,7.626643
2592,6.170574
2593,4.176437
2594,-1.297844
2595,-1.833328
2596,3.678739
2597,8.952392
2598,2.918265
2599,7.129077
2600,9.444839
2601,-2.507294
2602,3.270416
2603,-2.441744
2604,-3.598141
2605,6.977792
2606,-0.295700
2607,6.747360
2608,-4.511169
2609,-0.845142
2610,4.040114
2611,2.236895
2612,8.496182
2613,3.022283
2614,7.662616
2615,0.931123
2616,-0.391018
2617,7.820737
2618,6.747589
2619,9.302798
2620,8.429787
2621,-0.567446
2622,3.010356
2623,-2.120377
2624,0.771724
2625,9.564673
2626,7.853742
2627,1.263082
2628,-0.771672
2629,-1.404252
2630,8.794610
2631,-0.869470
2632,-0.345810
2633,7.723120
2634,8.328813
2635,-2.085094
2636,8.886727
2637,-1.811432
2638,4.435837
2639,-1.766737
2640,9.436745
2641,9.325119
2642,8.202638
2643,-5.147755
2644,0.216154
2645,3.292960
2646,-0.246541
2647,7.681960
2648,9.158620
2649,4.732650
2650,-0.250617
2651,3.855146
2652,3.876465
2653,-4.376672
2654,7.637881
2655,8.599572
2656,4.801291
2657,5.426648
2658,0.392682
2659,1.066413
2660,2.333537
2661,-0.947640
2662,8.045946
2663,0.085244
2664,5.522378
2665,3.170387
2666,6.495538
2667,-0.029142
2668,8.043479
2669,8.999125
2670,-2.860244
2671,1.779074
2672,8.719917
2673,3.045159
2674,7.827437
2675,6.814550
2676,8.149068
2677,4.498784
2678,4.583270
2679,9.433661
2680,7.981451
2681,1.954161
2682,7.446477
2683,4.044126
2684,6.350683
2685,-2.186612
2686,5.108835
2687,1.363463
2688,4.521700
2689,9.406743
2690,4.939647
2691,7.309695
2692,-3.061219
2693,8.390064
2694,-4.343984
2695,2.710362
2696,0.885217
2697,3.610260
2698,-3.609975
2699,-3.911622
2700,7.296961
2701,5.490948
2702,-1.197389
2703,0.172872
2704,8.064906
2705,9.265885
2706,2.204561
2707,-0.384452
2708,-3.175045
2709,2.702047
2710,-0.155727
2711,7.545370
2712,4.030705
2713,6.923518
2714,0.948576
2715,3.202597
2716,-3.493232
2717,-0.038465
2718,-3.552667
2719,0.241524
2720,-4.044035
2721,-3.984131
2722,9.395025
2723,4.348988
2724,8.181295
2725,4.019590
2726,-3.993055
2727,5.413422
2728,5.124239
2729,8.703852
2730,7.154482
2731,-4.395838
2732,4.414398
2733,8.973650
2734,-3.787537
2735,4.150564
2736,8.100779
2737,-1.896824
2738,4.777340
2739,1.402502
2740,-3.118055
2741,8.524879
2742,6.790902
2743,5.239026
2744,-0.131703
2745,-1.806657
2746,5.209382
2747,2.926809
2748,9.363286
2749,6.377662
2750,0.414337
2751,1.226336
2752,7.209018
2753,5.450156
2754,4.645058
2755,-3.970060
2756,0.905193
2757,1.773145
2758,-4.061603
2759,-4.457686
2760,-4.109797
2761,5.675975
2762,2.457247
2763,4.025784
2764,9.435980
2765,-4.371201
2766,1.720887
2767,0.422100
2768,8.650917
2769,7.720517
2770,-4.530839
2771,2.421685
2772,1.495569
2773,-5.080792
2774,2.729602
2775,-0.868364
2776,-2.975240
2777,8.579297
2778,-0.310393
2779,-0.178208
2780,-0.381986
2781,0.181569
2782,9.097132
2783,2.776641
2784,9.423565
2785,-2.706129
2786,7.483609
2787,2.490899
2788,-2.132357
2789,-4.315456
2790,4.463746
2791,4.040261
2792,1.867762
2793,0.553471
2794,-2.737132
2795,-1.872569
2796,-3.430924
2797,8.777359
2798,2.223606
2799,-2.707914
2800,-4.624092
2801,-4.391002
2802,9.171033
2803,-2.804236
2804,2.218294
2805,4.978111
2806,-0.836509
2807,6.817861
2808,-1.240649
2809,5.001684
2810,7.922185
2811,7.754076
2812,3.488566
2813,-0.222355
2814,3.342699
2815,-1.052029
2816,1.118771
2817,2.405386
2818,4.611077
2819,1.800874
2820,8.727970
2821,8.609801
2822,9.299934
2823,6.610202
2824,-2.639830
2825,9.419883
2826,3.065272
2827,3.276237
2828,8.039729
2829,0.075675
2830,4.568448
2831,6.306217
2832,7.521472
2833,6.211728
2834,0.607069
2835,0.175543
2836,6.941258
2837,-1.364657
2838,2.136829
2839,-1.826615
2840,-4.656540
2841,4.291702
2842,-0.500387
2843,1.206372
2844,7.248056
2845,0.011607
2846,1.650713
2847,3.782364
2848,8.655735
2849,2.802446
2850,0.779332
2851,5.847560
2852,3.961185
2853,8.763838
2854,4.184475
2855,7.468195
2856,7.085357
2857,1.923336
2858,-1.465007
2859,3.977374
2860,1.458213
2861,8.059268
2862,-2.722547
2863,8.027277
2864,9.001293
2865,3.027809
2866,3.257324
2867,-2.785386
2868,2.305884
2869,-2.905352
2870,-0.341556
2871,1.670974
2872,-1.527267
2873,4.592031
2874,1.101415
2875,1.214387
2876,8.003674
2877,4.115524
2878,-1.563683
2879,6.060636
2880,3.008797
2881,0.658167
2882,2.112713
2883,5.298850
2884,5.767514
2885,-1.743343
2886,4.544574
2887,8.986949
2888,3.223101
2889,4.640139
2890,9.219231
2891,2.037834
2892,1.843436
2893,-3.711092
2894,4.811010
2895,-1.964716
2896,8.431663
2897,-2.182114
2898,5.581852
2899,1.317858
2900,7.347820
2901,1.737338
2902,8.996277
2903,-4.320164
2904,8.622892
2905,-0.730284
2906,-3.838992
2907,9.150487
2908,1.147934
2909,5.776652
2910,5.279811
2911,-1.840389
2912,4.960236
2913,-0.922076
2914,3.801405
2915,9.411719
2916,7.828238
2917,4.521680
2918,-4.657217
2919,-0.303371
2920,7.557532
2921,-0.064756
2922,4.226563
2923,-0.998891
2924,9.766511
2925,6.687038
2926,1.548472
2927,3.597816
2928,3.660125
2929,4.246325
2930,4.858777
2931,4.308871
2932,-4.616800
2933,9.282730
2934,3.158245
2935,-1.897366
2936,2.798913
2937,2.365175
2938,1.837086
2939,-2.784912
2940,-1.072402
2941,-4.139538
2942,-3.667902
2943,1.081462
2944,-0.190568
2945,1.893441
2946,-2.085867
2947,5.295506
2948,7.432044
2949,1.910306
2950,4.241884
2951,9.188314
2952,3.140139
2953,-0.246277
2954,-3.216984
2955,9.438167
2956,-2.317827
2957,4.356720
2958,-5.101981
2959,3.118310
2960,0.420017
2961,1.973751
2962,-0.385170
2963,2.000496
2964,-2.597155
2965,0.550564
2966,-3.812362
2967,-3.497982
2968,2.538656
2969,4.762156
2970,-0.652436
2971,1.009603
2972,-3.198958
2973,6.257962
2974,-0.428479
2975,-0.996144
2976,6.195853
2977,-4.452869
2978,0.997390
2979,-3.044708
2980,8.546929
2981,-3.923172
2982,4.584483
2983,8.065447
2984,3.730000
2985,-3.513651
2986,-4.430543
2987,0.887697
2988,0.703357
2989,2.781584
2990,0.132403
2991,5.676415
2992,9.338163
2993,1.998202
2994,1.324959
2995,-2.834837
2996,3.303189
2997,7.918843
2998,-0.903766
2999,7.522739
3000,0.375296
3001,8.139937
3002,0.591954
3003,-4.161703
3004,4.339361
3005,8.557784
3006,2.848999
3007,-4.187250
3008,5.769020
3009,-1.927015
3010,-0.753759
3011,6.470041
3012,0.628207
3013,6.459281
3014,8.871909
3015,7.436354
3016,6.173760
3017,5.850495
3018,-2.261414
3019,3.512723
3020,3.743910
3021,0.247914
3022,-4.687520
3023,0.777901
3024,4.226670
3025,2.327685
3026,5.304652
3027,1.701042
3028,3.820069
3029,9.300192
3030,-2.435076
3031,0.616754
3032,1.885484
3033,8.551744
3034,0.548896
3035,6.638495
3036,8.631818
3037,4.186274
3038,-1.824965
3039,-4.360243
3040,8.769259
3041,2.113169
3042,0.387242
3043,-3.061930
3044,-0.456108
3045,-2.574540
3046,-4.340059
3047,9.233476
3048,5.579634
3049,2.336128
3050,2.522549
3051,-0.868908
3052,8.242751
3053,-2.739078
3054,-3.868572
3055,6.083459
3056,-0.623828
3057,7.452741
3058,-2.223466
3059,5.040561
3060,8.705648
3061,-1.106121
3062,8.935223
3063,1.065330
3064,-2.230863
3065,-4.284644
3066,9.599480
3067,1.423641
3068,9.039954
3069,-3.102268
3070,-4.899012
3071,6.466001
3072,6.807627
3073,-4.726775
3074,9.179912
3075,-2.068332
3076,-0.812893
3077,7.910723
3078,-2.980455
3079,1.662873
3080,5.819313
3081,-0.984442
3082,-1.442820
3083,1.156280
3084,4.910227
3085,-4.120142
3086,-4.719160
3087,0.864057
3088,4.225257
3089,7.847109
3090,0.170073
3091,5.726171
3092,-3.728839
3093,9.567512
3094,9.121030
3095,2.894760
3096,2.650755
3097,5.941851
3098,4.761967
3099,4.275058
3100,2.739780
3101,9.332263
3102,4.164425
3103,6.595177
3104,-3.943878
3105,-1.080470
3106,-1.305355
3107,0.090307
3108,3.901425
3109,2.090100
3110,3.711595
3111,-1.723005
3112,-1.884409
3113,-2.630015
3114,3.809193
3115,-3.990466
3116,6.561675
3117,6.372398
3118,3.488913
3119,4.451243
3120,9.441934
3121,2.965238
3122,-3.795357
3123,-2.783868
3124,6.474326
3125,2.724457
3126,-0.024166
3127,-4.749679
3128,-2.035974
3129,7.726792
3130,4.118797
3131,-0.320123
3132,-0.547166
3133,3.567542
3134,2.820287
3135,1.576743
3136,5.835687
3137,6.409186
3138,-0.032201
3139,-1.739795
3140,2.372832
3141,-1.669083
3142,-2.432839
3143,4.894708
3144,-0.232958
3145,-4.494456
3146,5.310281
3147,3.675881
3148,2.441834
3149,0.304629
3150,4.923412
3151,-3.151623
3152,0.406484
3153,7.457147
3154,5.672499
3155,1.916874
3156,1.505758
3157,-2.402381
3158,0.574694
3159,5.748977
3160,-2.632684
3161,1.124677
3162,3.237550
3163,1.829772
3164,-3.799671
3165,9.054277
3166,9.016858
3167,1.207527
3168,0.812026
3169,8.861605
3170,4.448159
3171,7.375914
3172,1.982625
3173,-3.960250
3174,-3.656549
3175,-0.782823
3176,7.687518
3177,-1.411649
3178,1.239115
3179,3.955115
3180,1.490890
3181,-0.145749
3182,2.721909
3183,8.118854
3184,7.799671
3185,-0.394837
3186,6.367587
3187,0.597262
3188,-1.330086
3189,-0.574749
3190,3.554146
3191,8.415639
3192,7.885850
3193,-3.791116
3194,8.041887
3195,-1.693913
3196,0.312882
3197,7.866718
3198,1.021192
3199,2.361100
3200,0.545307
3201,6.472306
3202,2.300242
3203,8.408558
3204,-3.821962
3205,2.559192
3206,4.842887
3207,-0.657470
3208,5.327157
3209,8.370752
3210,0.764756
3211,-4.222777
3212,-2.946168
3213,9.180322
3214,-2.053007
3215,-1.768078
3216,9.257603
3217,-1.931833
3218,-4.184851
3219,8.197953
3220,-0.037045
3221,3.998338
3222,-2.019323
3223,0.966402
3224,6.361987
3225,1.072337
3226,-1.833328
3227,5.473667
3228,5.807881
3229,3.445570
3230,6.807987
3231,-3.934475
3232,-2.530456
3233,0.914468
3234,6.510429
3235,3.211000
3236,7.024310
3237,-3.458893
3238,-0.288604
3239,2.807394
3240,-0.249125
3241,-4.989773
3242,9.315894
3243,8.513259
3244,-4.094681
3245,7.648064
3246,3.564847
3247,5.802905
3248,8.952865
3249,-2.656283
3250,1.509966
3251,9.366314
3252,4.006653
3253,3.623172
3254,-0.803114
3255,1.525414
3256,3.297448
3257,-3.637867
3258,-4.258894
3259,2.173991
3260,1.597714
3261,8.467655
3262,8.785160
3263,9.228946
3264,-3.009232
3265,-3.407737
3266,6.488744
3267,7.238374
3268,4.146131
3269,5.291876
3270,9.290336
3271,4.163708
3272,-1.800595
3273,-0.833232
3274,1.139603
3275,-2.762678
3276,6.918941
3277,-1.483109
3278,-1.136290
3279,-1.097809
3280,-1.886640
3281,0.095445
3282,8.395930
3283,0.570833
3284,4.568901
3285,4.023600
3286,4.631557
3287,4.728636
3288,8.632635
3289,-0.735554
3290,4.618894
3291,7.057098
3292,8.425147
3293,0.464473
3294,-1.067515
3295,8.693478
3296,8.818684
3297,0.506924
3298,-3.991923
3299,7.330023
3300,-1.666198
3301,8.642036
3302,0.118268
3303,-2.612880
3304,3.809118
3305,0.039754
3306,4.953130
3307,5.902466
3308,-3.535007
3309,3.425644
3310,3.447420
3311,-4.130368
3312,0.148306
3313,5.231990
3314,5.635761
3315,6.539174
3316,0.872015
3317,8.949642
3318,-0.125872
3319,7.263934
3320,4.341035
3321,9.169873
3322,-1.352725
3323,9.452013
3324,-3.253974
3325,-0.530043
3326,8.179817
3327,-1.282157
3328,-0.024413
3329,4.211147
3330,4.389232
3331,-1.746279
3332,-2.275551
3333,-1.726530
3334,-0.237966
3335,-2.731035
3336,8.189121
3337,-3.733734
3338,-0.881262
3339,7.518268
3340,4.030216
3341,3.276052
3342,0.026318
3343,8.879090
3344,3.331057
3345,-0.992440
3346,-4.348570
3347,-3.860333
3348,0.010126
3349,8.071161
3350,-2.547701
3351,4.373954
3352,3.201270
3353,6.365302
3354,0.712197
3355,3.634335
3356,-3.109205
3357,2.985117
3358,3.841341
3359,0.603321
3360,7.653863
3361,-0.018102
3362,-5.008320
3363,-3.996013
3364,4.530914
3365,7.339591
3366,1.319796
3367,3.693097
3368,-3.383219
3369,1.383731
3370,2.993660
3371,4.087369
3372,0.306754
3373,-2.732171
3374,3.379563
3375,-0.183817
3376,1.578401
3377,5.621604
3378,8.084776
3379,2.919501
3380,2.502252
3381,-3.051766
3382,-0.975257
3383,4.282991
3384,5.285735
3385,2.507119
3386,6.320774
3387,5.619288
3388,2.317992
3389,3.045198
3390,4.123901
3391,4.255152
3392,6.908726
3393,6.702549
3394,0.288637
3395,-0.012327
3396,3.483928
3397,6.549406
3398,-3.054451
3399,-2.560803
3400,3.132342
3401,2.795914
3402,4.269068
3403,4.505720
3404,-4.584488
3405,4.381298
3406,9.315680
3407,4.197895
3408,1.348983
3409,1.715498
3410,-3.494329
3411,-3.780861
3412,1.615757
3413,-4.191282
3414,-0.268266
3415,-4.636630
3416,4.231096
3417,5.831628
3418,-5.009458
3419,5.166463
3420,-0.204073
3421,4.223940
3422,-2.175903
3423,-2.891764
3424,-1.568254
3425,6.202364
3426,-0.203603
3427,4.651781
3428,2.185726
3429,4.335378
3430,7.864706
3431,4.440121
3432,0.370651
3433,8.024818
3434,-3.883733
3435,-2.967366
3436,3.890530
3437,3.987313
3438,4.993746
3439,7.397493
3440,9.359972
3441,4.400160
3442,-0.213599
3443,-3.804509
3444,5.093605
3445,4.014468
3446,-2.966415
3447,2.276809
3448,-0.584412
3449,5.171828
3450,-1.278667
3451,3.938294
3452,2.089972
3453,0.558867
3454,6.017812
3455,2.764628
3456,8.502469
3457,9.310397
3458,5.870371
3459,-2.498468
3460,1.728800
3461,7.159745
3462,7.014795
3463,5.295564
3464,8.466266
3465,9.128477
3466,-2.881065
3467,8.026906
3468,2.306322
3469,-2.773165
3470,6.233125
3471,1.061857
3472,9.367789
3473,3.121816
3474,5.943327
3475,2.890185
3476,-2.733789
3477,9.403327
3478,5.653367
3479,5.930764
3480,-2.561994
3481,-2.059848
3482,-1.433597
3483,5.162681
3484,-2.586261
3485,-4.156354
3486,4.204232
3487,2.330347
3488,0.407752
3489,9.073007
3490,-1.822409
3491,-1.462280
3492,-0.520802
3493,7.748766
3494,3.332231
3495,8.846974
3496,-3.007556
3497,-0.849051
3498,3.622544
3499,3.530022
3500,-0.698123
3501,9.309100
3502,3.859625
3503,5.396314
3504,-4.280337
3505,2.720087
3506,0.108172
3507,2.418524
3508,-1.281349
3509,-3.487301
3510,-0.878071
3511,6.884392
3512,5.542486
3513,-1.651030
3514,-4.192671
3515,7.695542
3516,2.051420
3517,0.528920
3518,5.772377
3519,4.453004
3520,5.395138
3521,9.361880
3522,-3.963274
3523,1.612061
3524,3.262317
3525,-2.982265
3526,7.187409
3527,4.652968
3528,9.566684
3529,8.847476
3530,-2.867928
3531,1.583762
3532,-1.640519
3533,7.097677
3534,6.529665
3535,-1.005397
3536,-1.474658
3537,8.666196
3538,-1.367854
3539,0.985420
3540,5.578938
3541,2.036911
3542,-3.027523
3543,4.040988
3544,2.694164
3545,9.063287
3546,8.279367
3547,9.089257
3548,-0.300537
3549,-1.362599
3550,0.706820
3551,5.993451
3552,5.609641
3553,4.912071
3554,-1.137272
3555,4.447623
3556,-0.312022
3557,-0.028535
3558,6.573755
3559,8.201947
3560,2.200039
3561,8.989690
3562,2.706351
3563,1.251838
3564,1.944013
3565,-2.027619
3566,9.258866
3567,5.512251
3568,-4.372362
3569,4.728428
3570,-3.290476
3571,5.059151
3572,-1.300355
3573,-1.333951
3574,-0.793568
3575,5.439664
3576,0.118311
3577,8.853543
3578,8.924499
3579,0.440612
3580,-0.704690
3581,-0.474256
3582,1.769796
3583,2.550616
3584,-2.480673
3585,-0.707428
3586,-4.223374
3587,-3.176348
3588,2.475733
3589,-4.542233
3590,1.576761
3591,7.132641
3592,-0.880840
3593,7.807117
3594,6.746402
3595,4.436651
3596,2.247803
3597,-2.020366
3598,-1.535807
3599,-1.251867
3600,9.428853
3601,9.071519
3602,0.186142
3603,3.192187
3604,-2.238110
3605,-3.475550
3606,1.587781
3607,3.460841
3608,4.069255
3609,8.368322
3610,6.893516
3611,6.418034
3612,2.998963
3613,-3.780476
3614,-2.233764
3615,6.855042
3616,0.111180
3617,6.570427
3618,8.931551
3619,-0.318842
3620,9.233851
3621,-3.639272
3622,6.715999
3623,2.393306
3624,8.285863
3625,4.780489
3626,-3.515134
3627,5.358982
3628,8.968248
3629,-0.799227
3630,1.965054
3631,3.077709
3632,1.153462
3633,-0.785465
3634,0.744631
3635,9.065441
3636,9.397276
3637,6.355697
3638,7.473994
3639,3.116361
3640,5.959210
3641,4.612028
3642,0.399578
3643,4.723890
3644,2.071975
3645,-1.802534
3646,6.146347
3647,-1.586659
3648,3.214762
3649,-4.688374
3650,3.318221
3651,-2.725664
3652,9.542942
3653,5.123459
3654,4.871153
3655,-2.819873
3656,2.340193
3657,-3.486012
3658,5.371080
3659,-4.567987
3660,-2.967534
3661,-2.142939
3662,-3.820950
3663,2.859340
3664,4.042996
3665,7.678186
3666,8.862869
3667,3.819052
3668,-2.536012
3669,3.386670
3670,1.275876
3671,2.037335
3672,0.594677
3673,-1.494082
3674,-2.871413
3675,2.625197
3676,-1.501365
3677,2.576525
3678,0.097876
3679,-1.323621
3680,8.906484
3681,7.531992
3682,-1.936389
3683,3.758761
3684,-2.726494
3685,2.650563
3686,9.458098
3687,5.614915
3688,-1.152834
3689,-3.481221
3690,3.306489
3691,9.337922
3692,2.837922
3693,7.008692
3694,-3.987010
3695,-2.612821
3696,-3.949485
3697,8.575935
3698,3.587253
3699,7.714047
3700,2.998007
3701,3.720842
3702,-1.782998
3703,0.887931
3704,0.851019
3705,9.217184
3706,4.141752
3707,-2.082579
3708,-0.414659
3709,3.826026
3710,7.724271
3711,2.802002
3712,4.509668
3713,2.064181
3714,5.555822
3715,8.758878
3716,9.062619
3717,6.995879
3718,-3.659598
3719,0.612148
3720,6.286024
3721,9.592919
3722,7.002948
3723,8.712581
3724,1.463540
3725,4.434913
3726,0.143184
3727,7.026450
3728,0.146328
3729,0.412829
3730,-4.250370
3731,-1.773867
3732,3.168894
3733,6.777772
3734,-3.287333
3735,6.248181
3736,2.973309
3737,-3.260770
3738,-2.283926
3739,8.567087
3740,8.466497
3741,0.382240
3742,-2.612859
3743,3.847596
3744,-1.242871
3745,1.928969
3746,-3.422125
3747,7.540300
3748,3.205304
3749,4.476850
3750,6.435621
3751,2.285438
3752,4.410325
3753,4.034096
3754,4.797564
3755,3.772980
3756,5.981915
3757,9.029582
3758,-0.223507
3759,-1.230730
3760,4.325966
3761,2.955580
3762,6.811947
3763,8.447895
3764,5.638437
3765,-1.850284
3766,-0.543022
3767,-3.101653
3768,1.496047
3769,2.136576
3770,-1.899303
3771,2.652701
3772,2.104154
3773,-0.603995
3774,4.306243
3775,-3.652670
3776,1.847277
3777,0.617860
3778,-2.009498
3779,-1.840762
3780,0.718592
3781,-4.614301
3782,1.095228
3783,8.937093
3784,7.965336
3785,2.245015
3786,-2.256113
3787,3.114697
3788,1.299032
3789,0.721802
3790,6.853322
3791,-1.794694
3792,-5.099205
3793,-2.345834
3794,5.970507
3795,0.466359
3796,9.282231
3797,-2.797006
3798,3.998743
3799,7.744225
3800,2.367458
3801,9.191855
3802,-0.434148
3803,-2.483710
3804,3.600463
3805,9.019378
3806,1.198369
3807,4.697976
3808,1.296167
3809,8.783094
3810,-1.228190
3811,-2.422373
3812,3.259775
3813,8.480194
3814,4.291714
3815,2.422360
3816,9.299038
3817,5.327525
3818,8.825959
3819,6.365279
3820,1.312923
3821,-1.270207
3822,6.256294
3823,-2.943684
3824,3.117470
3825,-0.038875
3826,5.534289
3827,-0.791878
3828,4.027022
3829,9.523311
3830,8.504716
3831,-2.763298
3832,9.725519
3833,4.335192
3834,1.628045
3835,2.639415
3836,9.667641
3837,9.016892
3838,-3.016382
3839,-0.330261
3840,-3.695246
3841,-2.252745
3842,-3.816630
3843,2.257711
3844,3.835442
3845,-0.443320
3846,-4.344136
3847,7.227020
3848,0.749516
3849,3.858341
3850,8.621988
3851,5.547265
3852,0.335967
3853,0.023654
3854,3.916559
3855,8.065246
3856,5.524864
3857,3.752040
3858,9.651289
3859,1.006019
3860,2.888049
3861,-1.002310
3862,-1.255318
3863,1.487782
3864,2.083966
3865,5.199782
3866,7.829695
3867,0.768453
3868,2.589493
3869,4.553882
3870,-1.730789
3871,-1.536925
3872,-0.568325
3873,-0.442935
3874,9.097902
3875,-4.014924
3876,5.023134
3877,0.462668
3878,0.936044
3879,2.088006
3880,1.513417
3881,8.203978
3882,-0.517745
3883,7.376624
3884,2.450344
3885,2.446638
3886,-4.611818
3887,5.287089
3888,2.600692
3889,6.531428
3890,8.565908
3891,1.362560
3892,5.137406
3893,0.080893
3894,1.308785
3895,2.197977
3896,2.444513
3897,0.100053
3898,9.408977
3899,-3.882555
3900,0.110951
3901,6.029233
3902,0.833626
3903,4.824744
3904,4.349710
3905,-1.746162
3906,9.425697
3907,-1.825787
3908,2.032598
3909,4.603387
3910,-1.248018
3911,3.680190
3912,3.080371
3913,5.810758
3914,-3.911910
3915,-4.220432
3916,-2.401536
3917,-4.087725
3918,8.892072
3919,8.174277
3920,9.482935
3921,1.869929
3922,1.631427
3923,1.285857
3924,-3.687517
3925,3.324397
3926,1.021836
3927,6.456166
3928,-4.765996
3929,4.110216
3930,-1.146368
3931,1.625690
3932,-0.889839
3933,6.349682
3934,2.115812
3935,-0.756109
3936,-2.573259
3937,0.268672
3938,2.204140
3939,6.289877
3940,4.382651
3941,3.253530
3942,1.633181
3943,-0.654492
3944,2.983511
3945,5.736305
3946,-4.569316
3947,-4.287834
3948,4.201257
3949,1.258047
3950,7.151557
3951,8.894407
3952,8.096535
3953,3.462507
3954,-0.262306
3955,2.370419
3956,3.467009
3957,7.466953
3958,-3.307691
3959,0.859534
3960,-0.708113
3961,-1.834191
3962,1.971384
3963,8.967095
3964,-0.721904
3965,3.665275
3966,6.355179
3967,4.934822
3968,0.154557
3969,4.100022
3970,9.330639
3971,8.301087
3972,9.361591
3973,-3.684711
3974,-0.199894
3975,3.809714
3976,9.329843
3977,-2.028167
3978,-0.258292
3979,1.663139
3980,1.670185
3981,-1.097258
3982,5.604973
3983,7.173367
3984,8.617004
3985,-1.038041
3986,8.373609
3987,7.266304
3988,-1.163499
3989,-3.414885
3990,1.609080
3991,2.456188
3992,1.616053
3993,-2.192990
3994,-1.495998
3995,-3.913417
3996,0.955267
3997,6.396456
3998,2.107879
3999,5.729516
4000,-0.538359
4001,-0.262865
4002,-2.307834
4003,6.149580
4004,9.005121
4005,2.116085
4006,3.721049
4007,4.592331
4008,7.875398
4009,0.789487
4010,6.335465
4011,-1.002799
4012,9.141635
4013,6.371698
4014,7.242522
4015,0.690415
4016,1.482945
4017,5.534027
4018,5.474432
4019,6.261605
4020,4.343918
4021,-3.177105
4022,8.969091
4023,-1.561813
4024,-0.937355
4025,-4.361688
4026,8.036987
4027,4.250771
4028,-0.282373
4029,0.977669
4030,5.178512
