ID,Category
1,8
2,8
3,8
4,9
5,9
6,1
7,4
8,7
9,9
10,9
11,9
12,0
13,2
14,0
15,5
16,9
17,3
18,7
19,0
20,4
21,6
22,8
23,7
24,6
25,6
26,0
27,4
28,0
29,4
30,1
31,9
32,3
33,5
34,4
35,4
36,1
37,1
38,0
39,9
40,7
41,8
42,9
43,5
44,6
45,0
46,8
47,2
48,8
49,7
50,8
51,1
52,9
53,5
54,4
55,1
56,2
57,1
58,6
59,0
60,8
61,0
62,8
63,6
64,2
65,9
66,9
67,8
68,0
69,3
70,3
71,8
72,3
73,1
74,1
75,3
76,9
77,5
78,8
79,0
80,8
81,0
82,0
83,9
84,1
85,5
86,1
87,2
88,0
89,8
90,0
91,9
92,7
93,3
94,8
95,2
96,9
97,0
98,8
99,4
100,7
101,6
102,7
103,4
104,1
105,7
106,9
107,5
108,1
109,3
110,1
111,1
112,3
113,7
114,7
115,7
116,7
117,5
118,3
119,8
120,1
121,6
122,6
123,5
124,3
125,0
126,2
127,5
128,4
129,0
130,7
131,4
132,3
133,8
134,1
135,4
136,7
137,4
138,0
139,5
140,2
141,0
142,3
143,2
144,0
145,8
146,2
147,2
148,1
149,4
150,4
151,0
152,7
153,1
154,6
155,2
156,8
157,2
158,4
159,5
160,1
161,5
162,5
163,9
164,0
165,2
166,4
167,1
168,3
169,0
170,9
171,9
172,2
173,6
174,6
175,8
176,5
177,3
178,1
179,5
180,0
181,9
182,1
183,6
184,0
185,2
186,8
187,6
188,0
189,6
190,4
191,2
192,5
193,1
194,8
195,2
196,5
197,0
198,3
199,0
200,6
201,5
202,7
203,1
204,6
205,2
206,9
207,8
208,1
209,0
210,7
211,1
212,8
213,6
214,3
215,2
216,2
217,7
218,8
219,5
220,4
221,4
222,9
223,8
224,8
225,1
226,5
227,0
228,2
229,2
230,7
231,7
232,9
233,0
234,6
235,2
236,3
237,6
238,6
239,5
240,6
241,7
242,0
243,9
244,7
245,3
246,6
247,6
248,8
249,5
250,2
251,1
252,3
253,8
254,2
255,5
256,0
257,2
258,6
259,4
260,7
261,4
262,8
263,4
264,6
265,9
266,0
267,9
268,6
269,2
270,0
271,8
272,4
273,1
274,6
275,7
276,1
277,8
278,1
279,2
280,9
281,1
282,7
283,2
284,2
285,0
286,0
287,7
288,0
289,3
290,2
291,3
292,7
293,0
294,2
295,3
296,8
297,8
298,5
299,1
300,3
301,5
302,5
303,6
304,0
305,4
306,4
307,7
308,6
309,9
310,4
311,6
312,6
313,3
314,8
315,7
316,8
317,4
318,9
319,8
320,7
321,3
322,0
323,7
324,5
325,5
326,7
327,7
328,5
329,8
330,6
331,3
332,4
333,7
334,2
335,8
336,6
337,5
338,9
339,7
340,7
341,5
342,4
343,0
344,8
345,1
346,9
347,7
348,4
349,3
350,8
351,4
352,2
353,5
354,5
355,2
356,5
357,4
358,1
359,9
360,8
361,3
362,2
363,2
364,1
365,5
366,7
367,7
368,7
369,6
370,0
371,4
372,0
373,1
374,7
375,2
376,8
377,4
378,8
379,8
380,9
381,7
382,1
383,5
384,7
385,1
386,6
387,6
388,0
389,1
390,4
391,0
392,7
393,1
394,9
395,1
396,7
397,6
398,6
399,6
400,7
401,6
402,0
403,1
404,5
405,5
406,3
407,9
408,7
409,7
410,3
411,2
412,3
413,1
414,7
415,5
416,9
417,0
418,2
419,4
420,9
421,7
422,4
423,8
424,3
425,8
426,9
427,0
428,6
429,5
430,0
431,0
432,5
433,7
434,9
435,8
436,5
437,2
438,8
439,8
440,0
441,5
442,3
443,3
444,6
445,2
446,7
447,1
448,9
449,7
450,6
451,5
452,8
453,3
454,0
455,1
456,4
457,0
458,6
459,4
460,9
461,0
462,3
463,3
464,6
465,2
466,6
467,9
468,0
469,6
470,8
471,2
472,7
473,4
474,5
475,6
476,8
477,4
478,4
479,1
480,3
481,6
482,1
483,7
484,4
485,3
486,4
487,8
488,7
489,3
490,3
491,1
492,5
493,5
494,6
495,3
496,2
497,3
498,1
499,5
500,6
501,5
502,9
503,3
504,1
505,4
506,6
507,1
508,8
509,9
510,0
511,7
512,1
513,9
514,6
515,8
516,2
517,7
518,0
519,9
520,5
521,0
522,0
523,9
524,4
525,7
526,6
527,0
528,9
529,7
530,6
531,7
532,2
533,2
534,5
535,1
536,1
537,5
538,0
539,0
540,9
541,7
542,7
543,5
544,4
545,9
546,6
547,7
548,3
549,0
550,4
551,6
552,0
553,4
554,0
555,6
556,9
557,2
558,7
559,0
560,4
561,4
562,6
563,0
564,7
565,9
566,8
567,4
568,4
569,1
570,9
571,3
572,0
573,4
574,2
575,1
576,3
577,3
578,2
579,4
580,5
581,2
582,7
583,9
584,5
585,0
586,4
587,0
588,8
589,2
590,2
591,3
592,9
593,4
594,8
595,9
596,0
597,1
598,5
599,8
600,4
601,0
602,7
603,8
604,5
605,2
606,3
607,3
608,9
609,4
610,6
611,6
612,6
613,7
614,8
615,0
616,7
617,2
618,1
619,0
620,9
621,8
622,9
623,8
624,0
625,2
626,6
627,8
628,6
629,1
630,7
631,1
632,0
633,9
634,0
635,2
636,8
637,0
638,2
639,7
640,6
641,8
642,4
643,1
644,3
645,7
646,7
647,4
648,7
649,3
650,7
651,5
652,6
653,0
654,2
655,5
656,9
657,4
658,2
659,8
660,7
661,8
662,1
663,6
664,5
665,0
666,0
667,6
668,7
669,6
670,8
671,7
672,2
673,8
674,8
675,6
676,7
677,0
678,2
679,5
680,8
681,1
682,3
683,7
684,7
685,5
686,7
687,7
688,7
689,2
690,7
691,3
692,2
693,1
694,7
695,8
696,4
697,1
698,3
699,1
700,3
701,7
702,5
703,1
704,4
705,5
706,0
707,1
708,1
709,5
710,7
711,0
712,5
713,5
714,2
715,5
716,2
717,4
718,9
719,8
720,3
721,9
722,0
723,9
724,4
725,9
726,1
727,0
728,2
729,6
730,5
731,8
732,7
733,2
734,9
735,1
736,1
737,2
738,0
739,7
740,6
741,6
742,4
743,9
744,7
745,0
746,8
747,4
748,5
749,7
750,5
751,6
752,2
753,9
754,6
755,1
756,4
757,3
758,7
759,1
760,4
761,5
762,6
763,7
764,8
765,1
766,8
767,3
768,5
769,5
770,3
771,6
772,5
773,0
774,1
775,1
776,1
777,6
778,6
779,5
780,5
781,6
782,0
783,8
784,2
785,4
786,7
787,5
788,3
789,0
790,7
791,6
792,6
793,6
794,6
795,8
796,8
797,1
798,2
799,8
800,5
801,9
802,9
803,6
804,8
805,4
806,4
807,4
808,5
809,3
810,5
811,7
812,6
813,5
814,3
815,4
816,5
817,8
818,3
819,9
820,8
821,2
822,5
823,1
824,0
825,9
826,1
827,5
828,2
829,5
830,9
831,7
832,1
833,2
834,1
835,6
836,7
837,0
838,5
839,2
840,6
841,0
842,8
843,1
844,5
845,5
846,7
847,3
848,9
849,9
850,1
851,9
852,2
853,3
854,0
855,5
856,0
857,0
858,7
859,2
860,3
861,1
862,6
863,6
864,6
865,1
866,0
867,7
868,1
869,5
870,4
871,3
872,9
873,3
874,5
875,9
876,4
877,8
878,2
879,2
880,2
881,9
882,5
883,7
884,5
885,5
886,0
887,2
888,9
889,4
890,2
891,8
892,8
893,7
894,0
895,8
896,1
897,1
898,3
899,3
900,2
901,0
902,4
903,4
904,3
905,1
906,8
907,5
908,4
909,5
910,2
911,8
912,3
913,8
914,2
915,3
916,1
917,3
918,1
919,0
920,4
921,8
922,8
923,0
924,6
925,0
926,8
927,0
928,3
929,3
930,4
931,4
932,0
933,6
934,2
935,3
936,1
937,3
938,3
939,1
940,2
941,5
942,9
943,1
944,1
945,4
946,2
947,8
948,9
949,4
950,1
951,8
952,4
953,1
954,7
955,0
956,3
957,1
958,6
959,5
960,8
961,2
962,4
963,4
964,9
965,6
966,7
967,8
968,2
969,2
970,9
971,2
972,2
973,8
974,2
975,9
976,1
977,5
978,8
979,1
980,8
981,8
982,3
983,0
984,6
985,6
986,5
987,0
988,2
989,3
990,6
991,1
992,9
993,0
994,6
995,5
996,5
997,3
998,4
999,1
1000,4
1001,9
1002,2
1003,6
1004,6
1005,3
1006,5
1007,1
1008,8
1009,0
1010,2
1011,2
1012,9
1013,9
1014,3
1015,3
1016,3
1017,0
1018,1
1019,1
1020,0
1021,5
1022,0
1023,8
1024,5
1025,4
1026,1
1027,7
1028,5
1029,5
1030,3
1031,3
1032,2
1033,6
1034,5
1035,1
1036,8
1037,7
1038,2
1039,6
1040,1
1041,5
1042,0
1043,6
1044,6
1045,4
1046,2
1047,2
1048,3
1049,9
1050,4
1051,2
1052,9
1053,7
1054,2
1055,0
1056,2
1057,1
1058,4
1059,5
1060,5
1061,3
1062,7
1063,3
1064,0
1065,4
1066,0
1067,0
1068,3
1069,4
1070,8
1071,7
1072,1
1073,0
1074,0
1075,9
1076,8
1077,9
1078,1
1079,7
1080,3
1081,5
1082,1
1083,6
1084,0
1085,5
1086,5
1087,8
1088,7
1089,9
1090,5
1091,7
1092,2
1093,8
1094,9
1095,6
1096,4
1097,7
1098,1
1099,2
1100,7
1101,2
1102,7
1103,6
1104,2
1105,8
1106,3
1107,1
1108,0
1109,2
1110,1
1111,9
1112,5
1113,0
1114,9
1115,1
1116,6
1117,8
1118,1
1119,2
1120,4
1121,1
1122,4
1123,6
1124,4
1125,8
1126,7
1127,9
1128,2
1129,7
1130,8
1131,3
1132,3
1133,3
1134,2
1135,8
1136,9
1137,3
1138,9
1139,5
1140,8
1141,4
1142,4
1143,7
1144,3
1145,6
1146,5
1147,7
1148,2
1149,7
1150,8
1151,9
1152,7
1153,8
1154,0
1155,8
1156,6
1157,4
1158,1
1159,6
1160,0
1161,4
1162,4
1163,3
1164,3
1165,1
1166,3
1167,2
1168,8
1169,8
1170,6
1171,5
1172,5
1173,2
1174,4
1175,1
1176,0
1177,9
1178,6
1179,2
1180,7
1181,2
1182,2
1183,2
1184,2
1185,7
1186,6
1187,9
1188,0
1189,2
1190,3
1191,2
1192,6
1193,2
1194,3
1195,7
1196,2
1197,8
1198,3
1199,4
1200,8
1201,6
1202,5
1203,7
1204,1
1205,1
1206,4
1207,8
1208,9
1209,7
1210,2
1211,0
1212,5
1213,4
1214,6
1215,2
1216,4
1217,9
1218,1
1219,4
1220,4
1221,8
1222,2
1223,7
1224,0
1225,7
1226,6
1227,2
1228,3
1229,4
1230,1
1231,3
1232,3
1233,4
1234,1
1235,0
1236,5
1237,2
1238,5
1239,6
1240,5
1241,2
1242,2
1243,2
1244,2
1245,8
1246,0
1247,2
1248,8
1249,0
1250,0
1251,9
1252,6
1253,1
1254,0
1255,6
1256,2
1257,7
1258,2
1259,3
1260,1
1261,9
1262,7
1263,2
1264,4
1265,6
1266,9
1267,1
1268,3
1269,3
1270,5
1271,2
1272,8
1273,5
1274,0
1275,5
1276,3
1277,7
1278,1
1279,3
1280,3
1281,3
1282,7
1283,3
1284,0
1285,6
1286,2
1287,0
1288,6
1289,0
1290,7
1291,6
1292,3
1293,1
1294,8
1295,2
1296,4
1297,8
1298,7
1299,8
1300,7
1301,5
1302,6
1303,7
1304,7
1305,7
1306,6
1307,7
1308,9
1309,8
1310,3
1311,0
1312,2
1313,4
1314,3
1315,8
1316,7
1317,8
1318,6
1319,7
1320,5
1321,8
1322,0
1323,9
1324,1
1325,0
1326,5
1327,3
1328,1
1329,1
1330,2
1331,7
1332,6
1333,5
1334,0
1335,9
1336,4
1337,1
1338,7
1339,5
1340,5
1341,5
1342,2
1343,2
1344,3
1345,4
1346,4
1347,1
1348,4
1349,8
1350,6
1351,7
1352,9
1353,5
1354,3
1355,9
1356,7
1357,2
1358,8
1359,4
1360,9
1361,0
1362,2
1363,0
1364,5
1365,1
1366,7
1367,4
1368,1
1369,3
1370,0
1371,4
1372,7
1373,3
1374,1
1375,0
1376,1
1377,7
1378,9
1379,9
1380,6
1381,7
1382,6
1383,7
1384,8
1385,1
1386,2
1387,0
1388,4
1389,9
1390,7
1391,9
1392,7
1393,0
1394,5
1395,8
1396,6
1397,2
1398,8
1399,4
1400,7
1401,7
1402,4
1403,3
1404,0
1405,2
1406,2
1407,8
1408,1
1409,3
1410,8
1411,5
1412,6
1413,8
1414,1
1415,9
1416,2
1417,5
1418,4
1419,1
1420,3
1421,8
1422,0
1423,5
1424,6
1425,0
1426,1
1427,4
1428,7
1429,1
1430,5
1431,9
1432,2
1433,0
1434,8
1435,3
1436,0
1437,4
1438,0
1439,7
1440,8
1441,6
1442,8
1443,5
1444,2
1445,3
1446,0
1447,0
1448,0
1449,1
1450,9
1451,9
1452,2
1453,4
1454,7
1455,8
1456,3
1457,3
1458,0
1459,0
1460,2
1461,4
1462,9
1463,9
1464,3
1465,1
1466,8
1467,1
1468,0
1469,9
1470,6
1471,1
1472,2
1473,1
1474,7
1475,1
1476,2
1477,9
1478,9
1479,8
1480,4
1481,6
1482,0
1483,4
1484,9
1485,1
1486,4
1487,4
1488,5
1489,8
1490,2
1491,2
1492,6
1493,7
1494,8
1495,2
1496,0
1497,0
1498,0
1499,3
1500,1
1501,5
1502,6
1503,8
1504,7
1505,4
1506,7
1507,3
1508,9
1509,7
1510,4
1511,1
1512,8
1513,4
1514,7
1515,4
1516,9
1517,9
1518,3
1519,0
1520,7
1521,7
1522,8
1523,7
1524,3
1525,2
1526,0
1527,5
1528,5
1529,8
1530,2
1531,4
1532,7
1533,3
1534,6
1535,9
1536,1
1537,6
1538,3
1539,6
1540,2
1541,5
1542,9
1543,9
1544,9
1545,9
1546,5
1547,7
1548,2
1549,7
1550,6
1551,9
1552,4
1553,0
1554,4
1555,3
1556,8
1557,1
1558,9
1559,5
1560,5
1561,3
1562,8
1563,3
1564,1
1565,6
1566,5
1567,6
1568,7
1569,7
1570,3
1571,2
1572,4
1573,4
1574,5
1575,1
1576,2
1577,4
1578,7
1579,3
1580,5
1581,5
1582,9
1583,6
1584,6
1585,9
1586,2
1587,8
1588,5
1589,5
1590,5
1591,0
1592,2
1593,3
1594,5
1595,1
1596,1
1597,0
1598,2
1599,3
1600,8
1601,4
1602,3
1603,0
1604,5
1605,0
1606,1
1607,4
1608,2
1609,7
1610,3
1611,1
1612,6
1613,4
1614,1
1615,1
1616,6
1617,3
1618,5
1619,5
1620,4
1621,1
1622,5
1623,4
1624,6
1625,4
1626,6
1627,5
1628,8
1629,2
1630,2
1631,0
1632,0
1633,7
1634,1
1635,1
1636,6
1637,1
1638,3
1639,9
1640,8
1641,2
1642,6
1643,7
1644,7
1645,3
1646,4
1647,1
1648,7
1649,6
1650,2
1651,7
1652,0
1653,2
1654,0
1655,5
1656,1
1657,6
1658,8
1659,3
1660,1
1661,5
1662,3
1663,3
1664,2
1665,6
1666,6
1667,9
1668,2
1669,1
1670,6
1671,0
1672,1
1673,4
1674,6
1675,2
1676,7
1677,4
1678,5
1679,2
1680,5
1681,9
1682,4
1683,7
1684,7
1685,9
1686,0
1687,9
1688,6
1689,6
1690,8
1691,7
1692,8
1693,8
1694,6
1695,4
1696,2
1697,4
1698,9
1699,8
1700,2
1701,4
1702,3
1703,0
1704,5
1705,3
1706,2
1707,2
1708,0
1709,1
1710,2
1711,1
1712,1
1713,1
1714,7
1715,1
1716,4
1717,4
1718,0
1719,3
1720,8
1721,2
1722,7
1723,7
1724,1
1725,8
1726,9
1727,4
1728,2
1729,1
1730,6
1731,8
1732,0
1733,3
1734,1
1735,9
1736,1
1737,6
1738,5
1739,5
1740,2
1741,2
1742,4
1743,6
1744,9
1745,0
1746,0
1747,1
1748,4
1749,4
1750,8
1751,9
1752,3
1753,2
1754,0
1755,8
1756,4
1757,3
1758,6
1759,4
1760,6
1761,4
1762,4
1763,9
1764,5
1765,1
1766,3
1767,3
1768,0
1769,7
1770,7
1771,5
1772,9
1773,1
1774,8
1775,2
1776,2
1777,0
1778,8
1779,1
1780,9
1781,1
1782,4
1783,5
1784,0
1785,6
1786,7
1787,5
1788,4
1789,3
1790,9
1791,8
1792,1
1793,3
1794,2
1795,6
1796,7
1797,6
1798,7
1799,7
1800,4
1801,0
1802,6
1803,6
1804,5
1805,7
1806,4
1807,7
1808,5
1809,7
1810,1
1811,8
1812,6
1813,0
1814,4
1815,2
1816,3
1817,1
1818,1
1819,2
1820,4
1821,9
1822,0
1823,8
1824,0
1825,6
1826,1
1827,0
1828,2
1829,5
1830,5
1831,4
1832,8
1833,7
1834,5
1835,5
1836,2
1837,0
1838,0
1839,4
1840,3
1841,6
1842,0
1843,4
1844,8
1845,9
1846,7
1847,3
1848,0
1849,8
1850,1
1851,1
1852,8
1853,3
1854,5
1855,1
1856,8
1857,2
1858,7
1859,0
1860,4
1861,1
1862,3
1863,9
1864,3
1865,3
1866,7
1867,7
1868,6
1869,6
1870,3
1871,7
1872,5
1873,8
1874,4
1875,4
1876,9
1877,1
1878,4
1879,6
1880,5
1881,8
1882,2
1883,6
1884,5
1885,9
1886,1
1887,5
1888,7
1889,1
1890,6
1891,9
1892,4
1893,4
1894,0
1895,9
1896,2
1897,5
1898,6
1899,7
1900,0
1901,8
1902,3
1903,4
1904,5
1905,8
1906,1
1907,6
1908,3
1909,2
1910,3
1911,8
1912,8
1913,0
1914,5
1915,3
1916,5
1917,4
1918,6
1919,7
1920,9
1921,1
1922,2
1923,8
1924,2
1925,4
1926,5
1927,0
1928,1
1929,3
1930,6
1931,2
1932,2
1933,7
1934,4
1935,1
1936,2
1937,6
1938,3
1939,2
1940,3
1941,1
1942,8
1943,8
1944,4
1945,7
1946,6
1947,2
1948,4
1949,0
1950,6
1951,1
1952,0
1953,2
1954,3
1955,7
1956,3
1957,9
1958,9
1959,1
1960,3
1961,3
1962,2
1963,6
1964,6
1965,2
1966,4
1967,1
1968,0
1969,8
1970,5
1971,4
1972,5
1973,4
1974,4
1975,5
1976,9
1977,4
1978,0
1979,4
1980,5
1981,9
1982,0
1983,6
1984,5
1985,6
1986,8
1987,0
1988,6
1989,7
1990,6
1991,0
1992,6
1993,7
1994,8
1995,4
1996,5
1997,9
1998,4
1999,6
2000,0
2001,6
2002,9
2003,9
2004,5
2005,9
2006,2
2007,7
2008,9
2009,2
2010,8
2011,2
2012,5
2013,1
2014,6
2015,3
2016,2
2017,9
2018,2
2019,0
2020,8
2021,9
2022,0
2023,5
2024,3
2025,2
2026,3
2027,2
2028,2
2029,0
2030,3
2031,5
2032,1
2033,0
2034,5
2035,4
2036,8
2037,2
2038,1
2039,3
2040,9
2041,4
2042,0
2043,7
2044,1
2045,7
2046,9
2047,9
2048,4
2049,8
2050,6
2051,5
2052,5
2053,6
2054,3
2055,9
2056,7
2057,0
2058,2
2059,3
2060,4
2061,3
2062,0
2063,4
2064,1
2065,6
2066,8
2067,6
2068,6
2069,3
2070,6
2071,0
2072,5
2073,9
2074,6
2075,3
2076,7
2077,9
2078,3
2079,5
2080,8
2081,2
2082,4
2083,6
2084,3
2085,6
2086,5
2087,4
2088,7
2089,1
2090,9
2091,3
2092,6
2093,4
2094,7
2095,4
2096,8
2097,0
2098,4
2099,9
2100,5
2101,5
2102,9
2103,5
2104,6
2105,0
2106,3
2107,1
2108,4
2109,4
2110,1
2111,9
2112,2
2113,1
2114,5
2115,5
2116,6
2117,7
2118,7
2119,5
2120,8
2121,7
2122,7
2123,3
2124,7
2125,4
2126,9
2127,4
2128,7
2129,8
2130,5
2131,1
2132,3
2133,5
2134,3
2135,3
2136,0
2137,6
2138,2
2139,4
2140,4
2141,5
2142,4
2143,0
2144,9
2145,1
2146,3
2147,5
2148,8
2149,0
2150,3
2151,4
2152,5
2153,2
2154,1
2155,2
2156,5
2157,6
2158,8
2159,7
2160,3
2161,0
2162,1
2163,8
2164,2
2165,7
2166,2
2167,7
2168,4
2169,7
2170,4
2171,4
2172,6
2173,4
2174,2
2175,7
2176,8
2177,3
2178,0
2179,3
2180,7
2181,2
2182,0
2183,8
2184,3
2185,6
2186,9
2187,4
2188,7
2189,9
2190,8
2191,5
2192,6
2193,5
2194,9
2195,0
2196,4
2197,8
2198,1
2199,7
2200,7
2201,2
2202,4
2203,1
2204,4
2205,3
2206,4
2207,9
2208,4
2209,6
2210,0
2211,6
2212,2
2213,7
2214,1
2215,2
2216,3
2217,4
2218,4
2219,9
2220,1
2221,1
2222,0
2223,9
2224,2
2225,0
2226,3
2227,6
2228,1
2229,1
2230,8
2231,9
2232,1
2233,1
2234,6
2235,6
2236,8
2237,0
2238,9
2239,8
2240,1
2241,1
2242,1
2243,3
2244,6
2245,2
2246,6
2247,9
2248,1
2249,8
2250,0
2251,5
2252,0
2253,2
2254,0
2255,8
2256,6
2257,1
2258,1
2259,1
2260,3
2261,6
2262,8
2263,0
2264,3
2265,5
2266,9
2267,8
2268,2
2269,5
2270,0
2271,3
2272,1
2273,7
2274,5
2275,5
2276,9
2277,9
2278,5
2279,9
2280,8
2281,0
2282,2
2283,9
2284,4
2285,1
2286,7
2287,0
2288,7
2289,0
2290,3
2291,2
2292,6
2293,6
2294,1
2295,8
2296,9
2297,6
2298,8
2299,2
2300,6
2301,6
2302,0
2303,2
2304,2
2305,0
2306,5
2307,2
2308,1
2309,9
2310,2
2311,8
2312,5
2313,9
2314,1
2315,3
2316,6
2317,8
2318,3
2319,3
2320,1
2321,2
2322,4
2323,9
2324,8
2325,4
2326,8
2327,3
2328,9
2329,1
2330,0
2331,1
2332,4
2333,9
2334,1
2335,2
2336,1
2337,5
2338,7
2339,4
2340,8
2341,8
2342,7
2343,0
2344,8
2345,0
2346,6
2347,9
2348,1
2349,7
2350,8
2351,1
2352,9
2353,5
2354,9
2355,5
2356,1
2357,7
2358,7
2359,5
2360,6
2361,3
2362,5
2363,7
2364,2
2365,5
2366,0
2367,9
2368,2
2369,6
2370,2
2371,5
2372,8
2373,4
2374,9
2375,9
2376,4
2377,3
2378,4
2379,5
2380,9
2381,3
2382,4
2383,1
2384,9
2385,3
2386,2
2387,9
2388,5
2389,1
2390,9
2391,4
2392,7
2393,0
2394,6
2395,0
2396,1
2397,2
2398,0
2399,5
2400,7
2401,2
2402,0
2403,2
2404,8
2405,0
2406,0
2407,3
2408,1
2409,2
2410,6
2411,7
2412,1
2413,3
2414,2
2415,6
2416,0
2417,2
2418,3
2419,0
2420,7
2421,3
2422,3
2423,6
2424,4
2425,8
2426,7
2427,7
2428,9
2429,3
2430,4
2431,0
2432,3
2433,7
2434,3
2435,5
2436,6
2437,9
2438,3
2439,5
2440,3
2441,0
2442,8
2443,1
2444,0
2445,7
2446,3
2447,0
2448,4
2449,2
2450,5
2451,0
2452,1
2453,5
2454,2
2455,8
2456,5
2457,7
2458,1
2459,6
2460,2
2461,6
2462,0
2463,7
2464,2
2465,3
2466,5
2467,6
2468,2
2469,3
2470,2
2471,9
2472,0
2473,0
2474,4
2475,9
2476,7
2477,0
2478,5
2479,6
2480,6
2481,9
2482,1
2483,3
2484,6
2485,1
2486,4
2487,2
2488,4
2489,2
2490,9
2491,2
2492,0
2493,8
2494,3
2495,6
2496,8
2497,5
2498,6
2499,9
2500,4
2501,8
2502,1
2503,0
2504,0
2505,3
2506,5
2507,8
2508,0
2509,8
2510,2
2511,0
2512,5
2513,1
2514,7
2515,6
2516,3
2517,2
2518,1
2519,5
2520,8
2521,4
2522,1
2523,4
2524,7
2525,6
2526,2
2527,6
2528,4
2529,2
2530,5
2531,1
2532,4
2533,0
2534,1
2535,3
2536,7
2537,0
2538,8
2539,6
2540,7
2541,6
2542,1
2543,3
2544,5
2545,6
2546,7
2547,0
2548,1
2549,6
2550,3
2551,6
2552,4
2553,4
2554,7
2555,8
2556,9
2557,1
2558,6
2559,4
2560,2
2561,3
2562,1
2563,0
2564,7
2565,6
2566,6
2567,5
2568,8
2569,3
2570,7
2571,6
2572,2
2573,1
2574,4
2575,4
2576,5
2577,7
2578,9
2579,1
2580,4
2581,3
2582,3
2583,4
2584,3
2585,6
2586,8
2587,6
2588,9
2589,2
2590,5
2591,0
2592,2
2593,2
2594,5
2595,2
2596,3
2597,9
2598,4
2599,9
2600,3
2601,0
2602,7
2603,3
2604,6
2605,1
2606,6
2607,5
2608,2
2609,3
2610,3
2611,1
2612,5
2613,8
2614,1
2615,4
2616,0
2617,8
2618,8
2619,2
2620,7
2621,3
2622,6
2623,7
2624,6
2625,6
2626,6
2627,6
2628,1
2629,3
2630,8
2631,8
2632,9
2633,0
2634,5
2635,4
2636,4
2637,1
2638,2
2639,8
2640,8
2641,2
2642,0
2643,9
2644,7
2645,9
2646,6
2647,7
2648,8
2649,5
2650,5
2651,5
2652,5
2653,0
2654,4
2655,9
2656,1
2657,9
2658,3
2659,1
2660,0
2661,1
2662,4
2663,4
2664,2
2665,4
2666,5
2667,0
2668,6
2669,4
2670,2
2671,5
2672,5
2673,9
2674,7
2675,5
2676,3
2677,0
2678,7
2679,9
2680,3
2681,9
2682,9
2683,7
2684,3
2685,7
2686,3
2687,6
2688,1
2689,2
2690,9
2691,7
2692,5
2693,0
2694,7
2695,7
2696,4
2697,7
2698,2
2699,3
2700,1
2701,1
2702,7
2703,9
2704,1
2705,9
2706,8
2707,1
2708,5
2709,7
2710,3
2711,2
2712,4
2713,9
2714,7
2715,4
2716,1
2717,2
2718,2
2719,5
2720,9
2721,2
2722,4
2723,1
2724,7
2725,4
2726,0
2727,2
2728,3
2729,3
2730,0
2731,4
2732,9
2733,5
2734,7
2735,9
2736,1
2737,7
2738,9
2739,9
2740,5
2741,6
2742,0
2743,6
2744,1
2745,6
2746,5
2747,7
2748,9
2749,0
2750,6
2751,2
2752,2
2753,0
2754,0
2755,8
2756,0
2757,3
2758,5
2759,1
2760,6
2761,5
2762,4
2763,6
2764,2
2765,0
2766,0
2767,0
2768,6
2769,0
2770,5
2771,1
2772,2
2773,9
2774,2
2775,8
2776,4
2777,2
2778,7
2779,5
2780,6
2781,4
2782,4
2783,1
2784,7
2785,4
2786,4
2787,0
2788,8
2789,5
2790,9
2791,1
2792,7
2793,7
2794,3
2795,5
2796,5
2797,2
2798,8
2799,1
2800,3
2801,0
2802,7
2803,3
2804,5
2805,5
2806,8
2807,6
2808,2
2809,0
2810,2
2811,4
2812,6
2813,8
2814,5
2815,0
2816,6
2817,5
2818,4
2819,1
2820,3
2821,4
2822,4
2823,4
2824,6
2825,6
2826,7
2827,8
2828,3
2829,1
2830,1
2831,0
2832,8
2833,4
2834,8
2835,1
2836,7
2837,6
2838,5
2839,0
2840,9
2841,8
2842,0
2843,1
2844,4
2845,3
2846,0
2847,4
2848,1
2849,6
2850,6
2851,2
2852,0
2853,5
2854,9
2855,9
2856,9
2857,6
2858,3
2859,2
2860,4
2861,4
2862,7
2863,0
2864,3
2865,2
2866,9
2867,6
2868,2
2869,5
2870,5
2871,2
2872,9
2873,0
2874,2
2875,5
2876,9
2877,8
2878,1
2879,8
2880,6
2881,7
2882,9
2883,4
2884,2
2885,4
2886,7
2887,3
2888,8
2889,3
2890,1
2891,1
2892,3
2893,4
2894,9
2895,5
2896,8
2897,9
2898,6
2899,6
2900,8
2901,2
2902,9
2903,3
2904,8
2905,0
2906,6
2907,8
2908,7
2909,1
2910,1
2911,9
2912,9
2913,8
2914,7
2915,0
2916,3
2917,7
2918,3
2919,2
2920,3
2921,1
2922,0
2923,7
2924,2
2925,3
2926,8
2927,5
2928,0
2929,5
2930,3
2931,9
2932,3
2933,6
2934,9
2935,9
2936,8
2937,7
2938,7
2939,9
2940,1
2941,0
2942,6
2943,1
2944,3
2945,4
2946,3
2947,9
2948,1
2949,0
2950,2
2951,2
2952,3
2953,5
2954,8
2955,9
2956,3
2957,2
2958,4
2959,9
2960,4
2961,9
2962,2
2963,9
2964,8
2965,8
2966,5
2967,9
2968,6
2969,3
2970,1
2971,8
2972,7
2973,9
2974,7
2975,8
2976,6
2977,2
2978,2
2979,1
2980,5
2981,2
2982,9
2983,0
2984,1
2985,9
2986,9
2987,6
2988,8
2989,1
2990,5
2991,7
2992,9
2993,6
2994,7
2995,2
2996,2
2997,5
2998,8
2999,8
3000,6
3001,0
3002,0
3003,9
3004,8
3005,4
3006,3
3007,4
3008,9
3009,1
3010,4
3011,5
3012,5
3013,8
3014,0
3015,3
3016,0
3017,6
3018,5
3019,4
3020,8
3021,4
3022,1
3023,3
3024,4
3025,6
3026,6
3027,1
3028,3
3029,9
3030,9
3031,4
3032,8
3033,0
3034,8
3035,6
3036,7
3037,3
3038,7
3039,9
3040,5
3041,3
3042,2
3043,4
3044,0
3045,6
3046,9
3047,8
3048,3
3049,9
3050,5
3051,7
3052,9
3053,8
3054,7
3055,7
3056,4
3057,8
3058,6
3059,3
3060,5
3061,3
3062,8
3063,3
3064,3
3065,5
3066,4
3067,1
3068,9
3069,0
3070,1
3071,1
3072,2
3073,0
3074,9
3075,1
3076,0
3077,6
3078,8
3079,9
3080,9
3081,5
3082,6
3083,8
3084,5
3085,6
3086,6
3087,3
3088,0
3089,2
3090,3
3091,7
3092,4
3093,8
3094,3
3095,4
3096,6
3097,0
3098,8
3099,2
3100,0
3101,6
3102,2
3103,9
3104,1
3105,0
3106,8
3107,3
3108,4
3109,3
3110,1
3111,9
3112,5
3113,7
3114,2
3115,5
3116,9
3117,6
3118,1
3119,5
3120,2
3121,0
3122,9
3123,0
3124,4
3125,2
3126,7
3127,0
3128,7
3129,6
3130,1
3131,2
3132,4
3133,9
3134,8
3135,9
3136,8
3137,7
3138,8
3139,6
3140,4
3141,0
3142,1
3143,3
3144,2
3145,7
3146,3
3147,8
3148,8
3149,4
3150,4
3151,8
3152,9
3153,9
3154,1
3155,1
3156,7
3157,9
3158,1
3159,2
3160,6
3161,6
3162,9
3163,4
3164,0
3165,9
3166,9
3167,7
3168,9
3169,5
3170,2
3171,6
3172,7
3173,5
3174,2
3175,1
3176,0
3177,4
3178,7
3179,4
3180,5
3181,0
3182,2
3183,7
3184,3
3185,4
3186,3
3187,0
3188,8
3189,5
3190,8
3191,4
3192,1
3193,5
3194,7
3195,2
3196,8
3197,2
3198,8
3199,0
3200,4
3201,7
3202,0
3203,4
3204,9
3205,8
3206,0
3207,3
3208,8
3209,1
3210,3
3211,6
3212,4
3213,5
3214,0
3215,0
3216,0
3217,9
3218,4
3219,7
3220,6
3221,2
3222,1
3223,1
3224,4
3225,8
3226,0
3227,3
3228,8
3229,3
3230,7
3231,7
3232,0
3233,0
3234,8
3235,2
3236,7
3237,5
3238,4
3239,6
3240,4
3241,4
3242,3
3243,9
3244,3
3245,0
3246,1
3247,8
3248,2
3249,8
3250,1
3251,8
3252,4
3253,4
3254,6
3255,3
3256,6
3257,8
3258,5
3259,1
3260,2
3261,4
3262,5
3263,2
3264,3
3265,3
3266,3
3267,2
3268,6
3269,1
3270,1
3271,7
3272,4
3273,5
3274,9
3275,8
3276,6
3277,5
3278,0
3279,6
3280,7
3281,3
3282,1
3283,3
3284,2
3285,6
3286,2
3287,2
3288,8
3289,1
3290,3
3291,3
3292,5
3293,7
3294,2
3295,4
3296,3
3297,0
3298,8
3299,4
3300,7
3301,2
3302,5
3303,1
3304,1
3305,7
3306,0
3307,3
3308,2
3309,1
3310,3
3311,2
3312,1
3313,3
3314,8
3315,4
3316,1
3317,2
3318,0
3319,8
3320,2
3321,1
3322,2
3323,2
3324,0
3325,8
3326,3
3327,1
3328,2
3329,0
3330,2
3331,1
3332,8
3333,2
3334,2
3335,2
3336,4
3337,6
3338,2
3339,4
3340,6
3341,5
3342,5
3343,1
3344,7
3345,9
3346,7
3347,7
3348,3
3349,5
3350,5
3351,7
3352,7
3353,7
3354,9
3355,4
3356,4
3357,7
3358,9
3359,4
3360,1
3361,6
3362,9
3363,6
3364,2
3365,7
3366,7
3367,2
3368,2
